,Country Name,Country Code,Year,acce_fuel_tech,acce_electr,fore_area,gdp_grow,life_exp,mortal_rate,pop_65,parliment_women_seat,rate_labor,unemp_rate,log_pop_denst
0,Afghanistan,AFG,2019,31.9,97.6999969482422,1.85099408755323,3.911603419423,64.833,0.0601,2.61579421390507,27.8688524590164,30.0098803224511,11.2170000076294,1.7654405064087433
1,Afghanistan,AFG,2020,33.2,97.6999969482422,1.85099408755323,-2.35110067344623,65.173,0.058,2.6490696522272,27.0161290322581,24.6858778957205,11.710000038147,1.775445835202471
2,Albania,ALB,2019,80.7,100.0,28.7919708029197,2.11341998165848,78.573,0.009699999999999999,14.2026306207364,29.5081967213115,77.829119439077,11.4700002670288,2.017732469542861
3,Albania,ALB,2020,81.3,100.0,28.7919708029197,-3.95539792669307,78.686,0.009800000000000001,14.7045813168893,29.5081967213115,75.8574481545003,13.3290004730225,2.0152387204041564
4,Algeria,DZA,2019,99.7,99.5,0.814110350369751,0.999999999999915,76.88,0.0233,6.55277788191286,25.7575757575758,24.8778600511553,10.5129995346069,1.2571094310772157
5,Algeria,DZA,2020,99.7,99.8041305541992,0.818308959706366,-5.09999999999982,77.063,0.022699999999999998,6.74292726075119,25.7575757575758,24.1241414205571,12.5500001907349,1.26508539474515
6,Andorra,AND,2019,100.0,100.0,34.0425531914894,2.01554763848308,0.0,0.0027,0.0,46.4285714285714,0.0,0.0,2.215215554991474
7,Andorra,AND,2020,100.0,100.0,34.0425531914894,-11.9526932539653,0.0,0.0025,0.0,46.4285714285714,0.0,0.0,2.2158849510005436
8,Angola,AGO,2019,49.5,45.6427993774414,53.8721745407877,-0.624644317706895,61.147,0.0742,2.19934175001363,30.0,94.3309199504084,7.4210000038147,1.4070105330819738
9,Angola,AGO,2020,50.2,46.8906097412109,53.4269511510388,-5.39998738958575,61.487,0.0715,2.19146242080635,30.0,93.4262284145821,8.33300018310547,1.4209884327993167
10,Antigua and Barbuda,ATG,2019,100.0,100.0,18.5909090909091,4.86223616575663,77.016,0.0066,9.05496406433411,11.1111111111111,0.0,0.0,2.3438336380161227
11,Antigua and Barbuda,ATG,2020,100.0,100.0,18.4545454545455,-20.1923705722071,77.146,0.0064,9.3322713394398,11.1111111111111,0.0,0.0,2.347454208441285
12,Arab World,ARB,2019,87.2355388850014,89.9999455504114,2.83067870714863,2.05038751157234,71.9897093670282,0.0348857594217507,4.65783750219564,17.5665399239544,31.1095633471246,10.0061535286814,1.5146458136320826
13,Arab World,ARB,2020,87.307067521291,90.2777350826821,2.81292880697777,-5.28184428753164,72.1707598827252,0.0340863989893796,4.75913201944706,19.5469585136167,31.3375336649276,11.4873210354051,1.5229005934709003
14,Argentina,ARG,2019,99.9,100.0,10.4801786099266,-2.0259342366392,76.667,0.0091,11.2431082719004,40.1574803149606,70.4379197289097,9.84000015258789,1.2153950155752664
15,Argentina,ARG,2020,99.9,100.0,10.4407148781923,-9.89526896368687,76.813,0.0086,11.3665118336064,40.8560311284047,70.5190413038846,11.460000038147,1.2196079065315621
16,Armenia,ARM,2019,98.0,100.0,11.5447839831401,7.59999999853918,75.087,0.0115,11.4836677169087,23.4848484848485,68.5374316759537,18.2999992370605,2.0165707655529355
17,Armenia,ARM,2020,98.1,100.0,11.5374077976818,-7.40000000000001,75.224,0.0109,11.8028794803531,23.4848484848485,67.2182603892526,21.2059993743896,2.017378480956826
18,Australia,AUS,2019,100.0,100.0,17.4213145571644,2.11314942462376,82.9,0.0037,15.9212017459054,30.4635761589404,85.7140863884792,5.15999984741211,0.5182072174320369
19,Australia,AUS,2020,100.0,100.0,17.4213145571644,-0.00383655856659,83.2,0.0037,16.2130580672445,30.4635761589404,85.965111246242,6.46000003814697,0.5237789252539994
20,Austria,AUT,2019,100.0,100.0,47.2074648570044,1.49121084953705,81.8951219512195,0.0036,19.0756062856682,39.344262295082,83.5567332700303,4.48999977111816,2.0318498338969637
21,Austria,AUT,2020,100.0,100.0,47.2509694619486,-6.73451407608768,81.1926829268293,0.0036,19.2040036427437,39.344262295082,84.0869513565137,5.3600001335144,2.033652923532299
22,Azerbaijan,AZE,2019,96.7,100.0,13.5533670481767,2.4999999999999,73.005,0.020399999999999998,6.4463891203953,16.8067226890756,90.8177576735683,4.84999990463257,2.0837894430346084
23,Azerbaijan,AZE,2020,96.8,100.0,13.6928642291964,-4.29999999999997,73.123,0.019399999999999997,6.74162212574058,17.3553719008264,88.8703613779578,6.46299982070923,2.086761603878827
24,"Bahamas, The",BHS,2019,100.0,100.0,50.9350649350649,0.702459096698348,73.918,0.0224,7.48327265444873,12.8205128205128,92.776458341163,10.0609998703003,1.5900577741774808
25,"Bahamas, The",BHS,2020,100.0,100.0,50.9350649350649,-14.5144814032903,74.053,0.0123,7.74811567372929,12.8205128205128,90.5396716188892,13.3210000991821,1.5942324450654082
26,Bahrain,BHR,2019,100.0,100.0,0.871794871794872,2.14137678356339,77.292,0.007,2.51880972865733,15.0,51.7142962024036,1.19599997997284,3.323057379176887
27,Bahrain,BHR,2020,100.0,100.0,0.897435897435897,-5.08518021318916,77.419,0.0068,2.65119080851564,15.0,50.5256202280193,1.78100001811981,3.338758535321334
28,Bangladesh,BGD,2019,23.4,92.1999969482422,14.4687716063609,8.1526841493979,72.591,0.030699999999999998,5.18035134847486,20.6303724928367,45.3819431498933,4.43800020217896,3.0977997047053187
29,Bangladesh,BGD,2020,25.0,96.1999969482422,14.4687716063609,3.5091358821393,72.868,0.0291,5.22700361322017,20.9169054441261,43.9716398838606,5.41300010681152,3.102154697641242
30,Barbados,BRB,2019,100.0,100.0,14.6511627906977,-0.0961355529131964,79.19,0.0126,16.2309903318526,20.0,89.6154422186879,8.40999984741211,2.8244452176368835
31,Barbados,BRB,2020,100.0,100.0,14.6511627906977,-18.9795097037672,79.308,0.012199999999999999,16.7022183558069,20.0,87.5764454650535,10.3769998550415,2.8249744836694144
32,Belarus,BLR,2019,99.5,100.0,43.1229677800769,1.40000000000001,74.2268292682927,0.0031,15.2008413514816,40.0,81.3964858579563,4.15999984741211,1.6665864974434779
33,Belarus,BLR,2020,99.6,100.0,43.1944033894965,-0.900000000246891,74.2268292682927,0.0029,15.5801955335848,40.0,80.6414687538633,4.76800012588501,1.6647473677992877
34,Belgium,BEL,2019,100.0,100.0,22.7642007926024,2.14955968072559,81.9951219512195,0.004200000000000001,19.0065660669321,42.0,84.2876271052249,5.3600001335144,2.5791256025917537
35,Belgium,BEL,2020,100.0,100.0,22.7642007926024,-5.65965987018394,80.7951219512195,0.004200000000000001,19.2542328598609,41.3333333333333,84.3573143972422,5.55000019073486,2.5812095137748683
36,Belize,BLZ,2019,82.1,92.7200012207031,56.4756685664182,1.76279791284728,74.623,0.0123,4.86738926048986,9.375,61.9857853255183,6.71099996566772,1.2333300109997605
37,Belize,BLZ,2020,82.1,97.1133346557617,55.9864094695309,-14.0105321507761,74.754,0.011699999999999999,5.00845010914724,9.67741935483871,60.4123290044822,8.46199989318848,1.241344027931723
38,Benin,BEN,2019,4.0,40.3286895751953,28.2471621142249,6.86568733550151,61.771,0.0884,3.26488492520772,7.2289156626506,95.699388968029,1.47000002861023,2.0197693001549406
39,Benin,BEN,2020,4.0,41.4109573364258,27.8037424618659,3.84879240030133,62.077,0.0859,3.27846608156262,7.2289156626506,95.6994808935357,1.58399999141693,2.0314621310589445
40,Bhutan,BTN,2019,79.4,100.0,71.3974829575249,5.75516999517272,71.777,0.0286,6.09297437268377,14.8936170212766,77.2671263400641,2.50200009346008,1.3011973501188254
41,Bhutan,BTN,2020,80.2,100.0,71.4493969585737,-10.0763411241337,72.08,0.027600000000000003,6.20470497973064,14.8936170212766,76.1777920678274,3.6489999294281,1.3060182844003498
42,Bolivia,BOL,2019,85.7,95.0800018310547,47.1095356780209,2.21670577750376,71.513,0.0263,7.33863164569056,53.0769230769231,75.2931136783232,3.8199999332428,1.0264436091522453
43,Bolivia,BOL,2020,86.1,97.5541229248047,46.9249146127573,-8.82949361965127,71.771,0.0254,7.48720489751539,46.1538461538462,73.6668537064432,7.90000009536743,1.0324348213218615
44,Bosnia and Herzegovina,BIH,2019,45.0,100.0,42.7326171875,2.83100260259697,77.401,0.005900000000000001,17.2011511663132,21.4285714285714,64.1367387370302,15.6899995803833,1.8093753002253603
45,Bosnia and Herzegovina,BIH,2020,45.2,100.0,42.7326171875,-3.19695013403583,77.545,0.0057,17.9157704219587,26.1904761904762,61.5526673338134,15.2650003433228,1.8067117809175748
46,Botswana,BWA,2019,63.9,69.9597396850586,27.1257918232668,2.99273763533627,69.592,0.045899999999999996,4.36589534127101,10.7692307692308,87.5781325158709,22.6100006103516,0.609050285128122
47,Botswana,BWA,2020,64.7,71.994758605957,26.9170504473029,-8.49289351078259,69.793,0.0448,4.51219517380945,10.7692307692308,86.1498725017271,24.9300003051758,0.6179918657616814
48,Brazil,BRA,2019,95.8,99.8000030517578,59.5585261792696,1.41115298506995,75.881,0.0149,9.25160803606065,15.009746588694,73.9107629468767,11.9300003051758,1.4022747253359706
49,Brazil,BRA,2020,95.9,100.0,59.4174780513368,-4.05904827267271,76.084,0.0147,9.59227461561959,14.6198830409357,70.7926537556154,13.6899995803833,1.4053706925307736
50,Brunei Darussalam,BRN,2019,100.0,100.0,72.1062618595825,3.86910986506845,75.86,0.0114,5.20881175208004,9.09090909090909,75.6857529182077,6.92000007629395,1.9149740646227837
51,Brunei Darussalam,BRN,2020,100.0,100.0,72.1062618595825,1.13357335070793,75.998,0.0115,5.5700959360335,9.09090909090909,74.9596620025112,7.68200016021729,1.919150566375186
52,Bulgaria,BGR,2019,0.0,100.0,35.7406042741341,4.03759208211947,75.1121951219512,0.0066,21.252967270985,25.8333333333333,79.297398408181,4.23000001907349,1.8079217579495415
53,Bulgaria,BGR,2020,0.0,99.6999969482422,35.8603537214444,-4.38714983385256,73.6073170731707,0.0060999999999999995,21.4679255574449,26.6666666666667,78.7835547370671,5.11999988555908,1.8053149421567534
54,Burkina Faso,BFA,2019,10.1,18.3748550415039,22.9035087719298,5.68811514943657,61.577,0.0878,2.40728753729201,13.3858267716535,78.9247422790987,4.69299983978271,1.8708371680849485
55,Burkina Faso,BFA,2020,10.6,18.957239151001,22.7207602339181,1.93032488957256,61.981,0.085,2.41102912448209,6.2992125984252,78.9247368132726,4.89499998092651,1.8830983033826776
56,Burundi,BDI,2019,0.2,11.3565282821655,10.8894080996885,1.84247667669987,61.584,0.056600000000000004,2.31209531524,36.3636363636364,102.537051393088,1.58899998664856,2.652256020911425
57,Burundi,BDI,2020,0.2,11.7355556488037,10.8894080996885,0.297577119233125,61.916,0.0544,2.38013742407565,38.2113821138211,102.536762641754,1.70700001716614,2.6656153611134767
58,Cabo Verde,CPV,2019,80.2,91.4000015258789,11.2704714640199,5.66775246034304,72.981,0.0149,4.69837344413431,23.6111111111111,77.0088453497317,12.2189998626709,2.135007104327457
59,Cabo Verde,CPV,2020,81.0,94.1617431640625,11.3449131513648,-14.7834050101145,73.166,0.014199999999999999,4.78572340720197,25.0,74.8333524672419,15.3059997558594,2.139760372077597
60,Cambodia,KHM,2019,32.6,84.0,46.589961477453,7.05410693233065,69.823,0.026600000000000002,4.7177691962329,20.0,87.7852960793181,0.146999999880791,1.9703356545282302
61,Cambodia,KHM,2020,36.8,86.4000015258789,45.7079651031045,-3.1475890983283,70.054,0.0257,4.85284824748422,20.0,86.0279980720424,0.331000000238419,1.9764156256930396
62,Cameroon,CMR,2019,22.2,63.4898796081543,43.147976560682,3.47505997865608,59.292,0.0747,2.72364990775371,31.1111111111111,87.0814926993125,3.63800001144409,1.7383088479692745
63,Cameroon,CMR,2020,21.9,64.7213668823242,43.02951069366,0.491914742161129,59.626,0.0722,2.7161558092875,33.8888888888889,87.0815038295774,3.83699989318848,1.7494020753477435
64,Canada,CAN,2019,100.0,100.0,38.6996371683291,1.87959202770178,82.0487804878049,0.0050999999999999995,17.6478968899213,28.9940828402367,87.6606768307749,5.65999984741211,0.6226231771447165
65,Canada,CAN,2020,100.0,100.0,38.6955125094946,-5.23302430280606,81.7487804878049,0.005,18.1043615051754,28.9940828402367,86.6996901450935,9.46000003814697,0.6276297112384398
66,Caribbean small states,CSS,2019,89.3145782771315,98.221954027314,89.8928245029023,0.616387706486776,73.7547323090936,0.017208326239018402,9.00063483310097,22.5950782997763,77.1962736410558,8.01764027020282,1.2620190867171588
67,Caribbean small states,CSS,2020,89.1771273254432,98.8189268976713,89.8207237248364,-8.16130498895376,73.8709059808875,0.0162405761805236,9.22912630594756,25.503355704698,75.2938925246544,9.82741043842722,1.2644125036943104
68,Central African Republic,CAF,2019,0.700000000000001,14.3000001907349,35.8486628784231,3.0,53.283,0.1066,2.81479015043671,8.57142857142857,80.21173378768,5.6230001449585,0.8817784953471197
69,Central African Republic,CAF,2020,0.800000000000001,15.4650840759277,35.8005072393977,0.829010003307488,53.679,0.103,2.79812670052199,8.57142857142857,79.4414024568812,6.35699987411499,0.8894518056497738
70,Central Europe and the Baltics,CEB,2019,97.5029926003063,100.0,34.4921349866542,4.07210227732671,77.2668440868557,0.00485105422538055,18.9529353485123,23.6927348449792,74.9959604085167,3.78125137870702,1.9664338473978147
71,Central Europe and the Baltics,CEB,2020,97.5128975793949,99.9796400333302,34.5198769482649,-3.81390515338175,76.1441688035782,0.0047457192178564,19.4406010605062,24.988431281814,74.577136365851,4.37269202516875,1.9654736646598776
72,Chad,TCD,2019,6.10000000000001,8.39999961853027,3.51175349428208,3.24718191743429,54.239,0.1135,2.4916416230991,14.8809523809524,68.1074053282573,1.12300002574921,1.1025810656341035
73,Chad,TCD,2020,6.79999999999999,11.080117225647,3.42519059720457,-0.947304885424217,54.505,0.11,2.49857785258663,15.4320987654321,66.8850946342951,1.74199998378754,1.115433375497202
74,Chile,CHL,2019,100.0,100.0,24.3268615204188,0.942005306544473,80.181,0.007,11.8815401277688,22.5806451612903,70.5696962733958,7.28999996185303,1.4063561854062818
75,Chile,CHL,2020,100.0,100.0,24.4921536665537,-5.77150166878876,80.329,0.0068,12.2426574192226,22.5806451612903,67.032107708069,11.1800003051758,1.410102105722735
76,China,CHN,2019,77.6,100.0,23.1411655427356,5.94971423273162,76.912,0.0079,11.4721930236832,24.9411764705882,83.9481461800988,4.51999998092651,2.1742563249034084
77,China,CHN,2020,79.4,100.0,23.3405957019611,2.3475135727457,77.097,0.0073,11.9682712029347,24.9411764705882,83.0106080034161,5.0,2.17523760280623
78,Colombia,COL,2019,92.5,99.7559204101563,53.4846327174403,3.28111680452643,77.287,0.0136,8.76583000729666,18.7134502923977,70.2903203472456,9.96000003814697,1.6567810992536791
79,Colombia,COL,2020,93.2,100.0,53.3050112663362,-6.79575810693639,77.46,0.0132,9.06056222316456,18.3431952662722,66.2366566020452,15.039999961853,1.6614444122238563
80,Comoros,COM,2019,7.80000000000001,84.2977752685547,17.9258463191832,1.75532827980625,64.321,0.0635,3.05540342654598,6.06060606060606,59.8880299663117,8.08199977874756,2.6601275569533187
81,Comoros,COM,2020,8.40000000000001,86.7371368408203,17.6894142933906,-0.128835487587722,64.525,0.0613,3.10579219665111,16.6666666666667,58.7107666840893,9.22299957275391,2.6695706608469054
82,"Congo, Dem. Rep.",COD,2019,3.75,19.1000003814697,56.1331289561324,4.38452888103882,60.681,0.0838,3.01693961741257,10.0,90.1380277649383,4.45100021362305,1.5830114319752135
83,"Congo, Dem. Rep.",COD,2020,3.7,19.1000003814697,55.6473125868419,1.7354227636007,60.971,0.08120000000000001,3.0186708888426,12.8,88.4185710691881,5.26599979400635,1.5966597944948606
84,"Congo, Rep.",COG,2019,32.6,48.4074745178223,64.307467057101,-0.0868859566422202,64.57,0.0525,2.7214158960455,11.2582781456954,97.3616530669878,20.6219997406006,1.197432250579497
85,"Congo, Rep.",COG,2020,34.9,49.5171012878418,64.2635431918009,-7.94444567858203,64.804,0.0446,2.76275093161815,11.2582781456954,95.3458016844893,22.8430004119873,1.2083982289301203
86,Costa Rica,CRI,2019,95.6,99.7099990844727,59.1167254210732,2.25631507916432,80.279,0.008199999999999999,9.88043532311942,45.6140350877193,67.865746260714,11.4899997711182,1.9950007656473598
87,Costa Rica,CRI,2020,95.7,99.9000015258789,59.4373286329808,-4.06367653504677,80.465,0.0079,10.2530997515173,45.6140350877193,65.3893754933724,17.4099998474121,1.9989878492439646
88,Cote d'Ivoire,CIV,2019,30.3,68.4595565795898,9.27547169811321,6.23170951305083,57.783,0.0803,2.87311934294126,10.9803921568627,70.9253775689133,3.31800007820129,1.9077856530138482
89,Cote d'Ivoire,CIV,2020,31.8,69.6791229248047,8.92047169811321,1.95833247878154,58.104,0.07790000000000001,2.88256919311703,11.3725490196078,70.9257211272929,3.48799991607666,1.9188192715869359
90,Croatia,HRV,2019,100.0,100.0,34.2217706308535,3.48194560339674,78.4243902439025,0.0046,20.8601352345977,20.5298013245033,78.4779124507357,6.61999988555908,1.8563478850439057
91,Croatia,HRV,2020,100.0,100.0,34.2659480473582,-8.09976125177539,77.7243902439024,0.0046,21.2522352382927,31.1258278145695,77.1020525438541,7.51000022888184,1.8544664769597665
92,Cuba,CUB,2019,93.6,99.8000030517578,31.233140655106,-0.164839982463832,78.802,0.0052,15.5649591568629,53.2231404958678,59.7749362090564,1.73500001430511,2.0381660823337135
93,Cuba,CUB,2020,93.8,100.0,31.233140655106,-10.9483409741617,78.892,0.0050999999999999995,15.8934142377564,53.2231404958678,58.5975891341945,2.62400007247925,2.0379028236020162
94,Cyprus,CYP,2019,100.0,100.0,18.6742424242424,5.28318739627791,80.982,0.0028,14.0482656487913,17.8571428571429,83.4194656236306,7.07000017166138,2.112992881333585
95,Cyprus,CYP,2020,100.0,100.0,18.6720779220779,-5.2289880999943,81.135,0.0028,14.4088046720155,19.6428571428571,81.682472266188,7.59000015258789,2.1161651720065184
96,Czech Republic,CZE,2019,100.0,100.0,34.6538860103627,3.02947825716996,79.2292682926829,0.003,19.8007448446372,22.5,76.7405877884051,2.00999999046326,2.1406232258856766
97,Czech Republic,CZE,2020,100.0,100.0,34.6773316062176,-5.79781387689806,78.2268292682927,0.0029,20.1429902620987,22.5,76.0570630823282,2.54999995231628,2.141679528573259
98,Denmark,DNK,2019,100.0,100.0,15.6875,2.11466420842453,81.4512195121951,0.0037,19.965259128921,39.1061452513966,86.7330723027126,5.01999998092651,2.1624465575409872
99,Denmark,DNK,2020,100.0,100.0,15.711,-2.06212495876164,81.5512195121951,0.0036,20.1639894465007,39.6648044692737,86.9850750316326,5.6399998664856,2.163713139081726
100,Djibouti,DJI,2019,9.5,61.2119293212891,0.245901639344262,7.77049725726383,67.112,0.0578,4.60906364271334,26.1538461538462,39.8126228948539,26.3570003509521,1.6232479521286076
101,Djibouti,DJI,2020,9.65,61.7670822143555,0.250215703192407,0.499999999999986,67.49,0.0559,4.70647773279352,26.1538461538462,38.7512437261787,28.3899993896484,1.6296443920977886
102,Dominica,DMA,2019,89.3,100.0,63.8266666666667,7.57139159692866,0.0,0.035,0.0,25.0,0.0,0.0,1.9811115675123296
103,Dominica,DMA,2020,88.9,100.0,63.8266666666667,-16.6049115377829,0.0,0.0354,0.0,34.375,0.0,0.0,1.982216942836122
104,Dominican Republic,DOM,2019,90.9,99.0,44.214655350859,5.05216802016253,74.081,0.0344,7.29838965754406,26.8421052631579,67.2437864676114,6.3600001335144,2.3469250659309475
105,Dominican Republic,DOM,2020,91.5,100.0,44.3821155040364,-6.72023937283404,74.257,0.0338,7.52769888393248,27.8947368421053,64.3416243779021,6.13000011444092,2.3513087957054637
106,Early-demographic dividend,EAR,2019,64.2466162069842,92.2512760560982,22.843583302684,2.2973948397337,70.7012013247764,0.0340454329968691,5.96941076680328,22.948551664505,47.0850373556792,5.53010474244021,1.9945592688169755
107,Early-demographic dividend,EAR,2020,66.4652864030743,93.3822156743267,22.7786340461396,-4.50556099273764,70.9112394136255,0.0327196737626428,6.12566241459645,24.4509129399312,45.8276724183422,7.12209343079958,2.0000434461725285
108,East Asia & Pacific,EAS,2019,75.7783834934922,98.0572492282545,27.1111571179724,4.06404875788033,76.2656075053756,0.0143,11.1804303049709,20.5038149448952,79.9669682161072,3.82122431779716,1.9819990590061374
109,East Asia & Pacific,EAS,2020,77.3790493533234,98.0128232445409,27.1431955670215,-0.133318686536555,76.4434497075294,0.013800000000000002,11.5882015165693,21.3300492610837,79.3268452364746,4.31572441821732,1.9838715770440758
110,East Asia & Pacific (IDA & IBRD),TEA,2019,74.0805717619718,98.4422738157447,30.2337978263516,5.77583399723255,75.448435105141,0.0149943514268934,9.94697253846236,21.1529448523668,80.2518248410416,3.9148038782835,2.1162729407007177
111,East Asia & Pacific (IDA & IBRD),TEA,2020,75.867775221631,98.3643398075358,30.2833802673143,1.3783061144856,75.6196224468338,0.0144111626881669,10.3551016570921,21.9014196841601,79.5450587186179,4.41005887749889,2.1183585651845895
112,East Asia & Pacific (excluding high income),EAP,2019,73.3081453086209,97.8508775991308,30.3832772149746,5.77574914947532,75.4097032387878,0.0150230155746663,9.93856734241141,20.8563731745357,80.4006284757974,3.8953258548777,2.1183405906980357
113,East Asia & Pacific (excluding high income),EAP,2020,75.0824359897461,97.8026965241403,30.4311556311395,1.37857512990216,75.5810020257993,0.0144374606072178,10.3428273864187,21.5431296055483,79.699729786982,4.38802132791412,2.1204238934397748
114,Ecuador,ECU,2019,94.45,99.0899963378906,50.5802061523595,0.0121051028476558,77.01,0.0134,7.37219936706493,37.956204379562,69.5980981425602,3.80999994277954,1.8448095920144338
115,Ecuador,ECU,2020,94.3,98.8499984741211,50.3214285714286,-7.75012337710913,77.216,0.013,7.59109505644544,39.4160583941606,67.002888174152,6.1100001335144,1.8514922598861783
116,"Egypt, Arab Rep.",EGY,2019,99.9,100.0,0.0451855944547692,5.55768388791593,71.99,0.0201,5.27633297632877,14.9328859060403,23.2177785318814,7.84000015258789,2.003662679854126
117,"Egypt, Arab Rep.",EGY,2020,99.9,100.0,0.0451855944547692,3.5696694750486,72.15,0.0195,5.33168102488778,27.4111675126904,23.0286838488384,9.16699981689453,2.012002209380019
118,El Salvador,SLV,2019,90.75,97.3600006103516,28.3967181467181,2.38258139815673,73.317,0.013300000000000001,8.46958256947762,30.952380952381,60.0044990421996,4.17000007629395,2.4934089281027845
119,El Salvador,SLV,2020,91.8,100.0,28.1795366795367,-8.5813121584968,73.533,0.0129,8.65094458161591,33.3333333333333,59.6026136743954,6.2480001449585,2.495600651764883
120,Equatorial Guinea,GNQ,2019,24.0,66.6000442504883,87.5857397504456,-5.97893690507988,58.735,0.08120000000000001,2.42450880761306,21.0,86.9117636594286,8.67899990081787,1.6843210589296025
121,Equatorial Guinea,GNQ,2020,24.5,66.7477264404297,87.2877005347594,-4.89335647440198,59.057,0.0785,2.38142246709694,21.0,84.9782506028344,9.90100002288818,1.6991201622059213
122,Eritrea,ERI,2019,9.2,50.9369926452637,10.4794059405941,0.0,66.321,0.040600000000000004,0.0,22.0,83.9782801144181,5.99399995803833,1.5393887885821866
123,Eritrea,ERI,2020,9.3,52.1710968017578,10.4481188118812,0.0,66.679,0.039299999999999995,0.0,0.0,82.2858322283471,7.86499977111816,1.5454696509338486
124,Estonia,EST,2019,100.0,100.0,56.0938578329883,4.09634264397782,78.6463414634147,0.0023,19.9918077800442,29.7029702970297,81.6089458144985,4.44999980926514,1.4846338251448805
125,Estonia,EST,2020,100.0,100.0,56.0938578329883,-2.95106931268964,78.3463414634146,0.0021000000000000003,20.3732279962459,28.7128712871287,81.5329445868163,6.80000019073486,1.4854918415623832
126,Eswatini,SWZ,2019,53.8,76.8694381713867,28.8575581395349,2.61303529001997,60.194,0.048,4.01478926602388,7.2463768115942,86.3210741953572,22.8369998931885,1.8244637528446763
127,Eswatini,SWZ,2020,55.4,79.7304992675781,28.9279069767442,-1.85052471016712,60.721,0.0466,4.01236376926021,9.58904109589041,84.268626362356,25.5090007781982,1.8289909382337537
128,Ethiopia,ETH,2019,7.0,48.063591003418,15.1788666255574,8.3640856990789,66.597,0.0508,3.51669045500426,38.7568555758684,86.3618502108756,2.32599997520447,1.9967137114282685
129,Ethiopia,ETH,2020,7.8,51.0939826965332,15.1142248343685,6.05661779202561,66.953,0.0487,3.53689378588288,38.7568555758684,84.4457387066601,3.23699998855591,2.0077508126061194
130,Euro area,EMU,2019,100.0,100.0,38.5825437021656,1.5649254585049,82.3261827822172,0.00372408496339854,20.8522909961778,33.3711949114039,81.7092940019706,7.53479477259293,2.1058537419857286
131,Euro area,EMU,2020,100.0,100.0,38.6395214123754,-6.39422170923456,81.5358828056894,0.0037152793938189997,21.1344159670304,33.8555858310627,82.1286153932623,7.82616361418879,2.1063926554072014
132,Europe & Central Asia,ECS,2019,95.4397419604753,99.9932515305436,38.4980456862646,1.80383139660181,78.1591274605138,0.0079,16.6183458643436,29.4559443121451,77.2099553944502,6.67035727529091,1.5256599886599316
133,Europe & Central Asia,ECS,2020,95.2146381211864,99.9953221907789,38.5149542212115,-5.5805828270023,77.3904497296709,0.0076,16.8985881389263,30.2941445981856,77.3075304277826,7.18288486366471,1.5267599219539154
134,Europe & Central Asia (IDA & IBRD),TEC,2019,90.8031962597583,99.9865143284425,39.2857493175636,2.66222000159384,74.3207353550341,0.0107826456216959,12.879986779245,23.1913455037187,71.4472622891758,6.7759275192817,1.3019761580781388
135,Europe & Central Asia (IDA & IBRD),TEC,2020,90.3536486631699,99.9906375979174,39.2983669352421,-1.77685331143942,73.4831176991123,0.010312943985077,13.182892581246,24.3566591422122,71.0455509530961,7.39850005079583,1.3032411754337374
136,Europe & Central Asia (excluding high income),ECA,2019,89.8603795440864,99.985160771175,39.4114287363172,2.31442880725514,73.9559514772113,0.011211607301401,12.3253575664799,22.6346053319394,71.1327772949185,7.1070527958652,1.267345009242598
137,Europe & Central Asia (excluding high income),ECA,2020,89.3702447051916,99.9896989594397,39.4236078052872,-1.54396002239542,73.1611310175678,0.0107111284409631,12.6015040098154,23.5663786331501,70.7411040847537,7.80438229386157,1.2688235995959494
138,European Union,EUU,2019,99.4587475334323,100.0,39.7661906430144,1.81685028941465,81.31327017295,0.00394337629619665,20.4601049626539,31.8174834844062,80.4962355697666,6.69189042036088,2.048480668472609
139,European Union,EUU,2020,99.4623313418734,99.9953512380042,39.8116024289901,-5.95577847180422,80.4637018880586,0.0039092948319661295,20.7797393252092,32.4066963600061,80.6861501095059,7.04658695203601,2.048754136776198
140,Fiji,FJI,2019,49.4,99.7158813476563,62.0328407224959,-0.445563043622684,67.444,0.0269,5.62422959414711,19.6078431372549,50.3535157207613,4.44799995422363,1.6876295000274613
141,Fiji,FJI,2020,51.4,100.0,62.3984674329502,-15.7118039805906,67.561,0.027399999999999997,5.81742326634651,19.6078431372549,50.3542081658816,4.71500015258789,1.6907846174317658
142,Finland,FIN,2019,100.0,100.0,73.7332192682285,1.22075414302529,81.9829268292683,0.0023,22.1406446239043,47.0,88.2625637628626,6.69000005722046,1.2593061333229219
143,Finland,FIN,2020,100.0,100.0,73.7332192682285,-2.80013589086919,82.1317073170732,0.0023,22.5544875034292,46.0,87.7415846638137,7.76000022888184,1.2599299591161577
144,Fragile and conflict affected situations,FCS,2019,24.8634625347032,54.3356110945704,23.3263688675224,3.05448325063698,62.4812647464825,0.0782934708972083,3.47660297046844,19.0224570673712,73.2797619127959,6.43589168205396,1.6585457926249636
145,Fragile and conflict affected situations,FCS,2020,25.6243167388262,55.0867197882972,23.2011872380563,-4.73779618125812,62.7534561513537,0.07607034103606619,3.51232554843517,20.6166303332295,72.4236762882298,7.33038911517949,1.668591364309829
146,France,FRA,2019,100.0,100.0,31.3567354631573,1.84297181445896,82.8268292682927,0.0043,20.3913702817859,39.6880415944541,85.9053644832313,8.40999984741211,2.0892560174444355
147,France,FRA,2020,100.0,100.0,31.5090483730461,-7.85525603703762,82.1756097560976,0.0044,20.7534554101127,39.5147313691508,86.0903773365678,8.01000022888184,2.090101078284479
148,Gabon,GAB,2019,87.8,90.7262954711914,91.3667869755889,3.92080879452831,66.467,0.043,3.54472725732873,17.910447761194,69.0977638231608,20.742000579834,0.925911520001088
149,Gabon,GAB,2020,88.1,91.5715637207031,91.3206814918306,-1.83776092953785,66.69,0.0417,3.52881341615845,14.7887323943662,68.4336100050275,21.9720001220703,0.9364082318653327
150,"Gambia, The",GMB,2019,1.8,62.0999984741211,24.5454545454545,6.15363194960554,62.05,0.0512,2.56092543103779,10.3448275862069,74.7793606979974,9.4980001449585,2.365461347503639
151,"Gambia, The",GMB,2020,1.7,62.2730674743652,23.9792490118577,-0.215576043106495,62.383,0.0494,2.53141929301005,8.62068965517241,73.108654962381,11.081000328064,2.378035760125789
152,Georgia,GEO,2019,87.7,100.0,40.6159159591308,4.98235047511106,73.767,0.0095,15.0610556287397,14.7651006711409,75.096091358079,11.5699996948242,1.8134847114486108
153,Georgia,GEO,2020,89.1,100.0,40.6159159591308,-6.76043981705519,73.919,0.009300000000000001,15.2533097762014,20.6666666666667,73.345385357783,18.5,1.8137828817515327
154,Germany,DEU,2019,100.0,100.0,32.6836109680005,1.05550824713283,81.2926829268293,0.0037,21.5629923209089,30.8885754583921,83.8961655439241,3.14000010490417,2.3762661999710715
155,Germany,DEU,2020,100.0,100.0,32.6836109680005,-4.56961671737398,80.9414634146342,0.0037,21.6874493682811,31.1706629055007,85.4192973687762,3.80999994277954,2.376620988851177
156,Ghana,GHA,2019,22.4,83.5,35.0640766458645,6.5077747939152,64.074,0.0464,3.09732217813116,13.0909090909091,89.6812728500574,4.31599998474121,2.126070874390915
157,Ghana,GHA,2020,22.2,85.8735504150391,35.095851278896,0.414443457624131,64.347,0.044700000000000004,3.14034977057208,13.0909090909091,89.6793226772109,4.65100002288818,2.135324662576327
158,Greece,GRC,2019,100.0,100.0,30.2699767261443,1.80359525615141,81.6390243902439,0.004200000000000001,21.9414701261427,20.6666666666667,73.9591489322727,17.3099994659424,1.9200059541208387
159,Greece,GRC,2020,100.0,100.0,30.2699767261443,-9.01912908499726,81.0878048780488,0.0040999999999999995,22.2843899686215,21.6666666666667,73.6700232147494,16.2999992370605,1.919153426823256
160,Grenada,GRD,2019,89.6,93.120964050293,52.0588235294118,0.735582700454373,72.397,0.0165,9.67741935483871,46.6666666666667,0.0,0.0,2.51774686081729
161,Grenada,GRD,2020,89.1,93.5864486694336,52.0588235294118,-13.7077306813298,72.426,0.016399999999999998,9.79266461079068,46.6666666666667,0.0,0.0,2.519746946724533
162,Guatemala,GTM,2019,48.6,95.7420043945313,33.0291153415453,3.866856574905,74.302,0.0245,4.92898433077731,19.375,46.9761774134312,2.19000005722046,2.190180699826183
163,Guatemala,GTM,2020,50.1,97.0552673339844,32.9208659947742,-1.51932802919289,74.529,0.023600000000000003,5.04203941510534,19.375,46.0312394379751,3.55299997329712,2.19678192319987
164,Guinea,GIN,2019,1.6,42.2000007629395,25.3499918606544,5.64617556842045,61.602,0.098,2.94190559010452,22.8070175438596,101.656316806876,5.01999998092651,1.715792763718978
165,Guinea,GIN,2020,1.9,44.6686782836914,25.1872049487221,6.98855997080146,61.962,0.09559999999999999,2.95231898464874,16.6666666666667,99.2910906802829,6.10300016403198,1.7279165592204542
166,Guinea-Bissau,GNB,2019,1.0,30.9615573883057,70.7130156472262,4.49999999151316,58.322,0.07959999999999999,2.86326045513561,13.7254901960784,82.1775394888543,6.03599977493286,1.8344932836931145
167,Guinea-Bissau,GNB,2020,1.1,33.3354682922363,70.4128733997155,-2.39999999921721,58.634,0.0768,2.88577089137658,13.7254901960784,81.3884811480594,6.73699998855591,1.8450093363911313
168,Guyana,GUY,2019,79.5,91.9157562255859,93.5968503937008,5.35262742597216,69.906,0.0293,6.71158430488805,31.8840579710145,64.3231137793684,13.9919996261597,0.5995015277327035
169,Guyana,GUY,2020,80.6,92.5405426025391,93.5501143002286,43.4795559399402,70.023,0.028399999999999998,6.99953722067962,35.7142857142857,62.31688311875,16.4309997558594,0.601595885599618
170,Haiti,HTI,2019,4.4,45.990234375,12.7144412191582,-1.68459508133022,64.001,0.062200000000000005,5.0636695460752,2.54237288135593,89.475797767869,13.914999961853,2.6113779170593325
171,Haiti,HTI,2020,4.5,46.9255332946777,12.6015965166909,-3.34337261175989,64.315,0.0605,5.17466828408577,0.0,87.4633032625151,15.451000213623,2.6167221245681715
172,Heavily indebted poor countries (HIPC),HPC,2019,13.2984393469688,44.9861028194082,27.3315505696261,4.41894762256578,63.4864553256302,0.0663584906627618,3.04853917246923,24.1226121723678,82.8705641935297,4.70612426696845,1.6171708835364365
173,Heavily indebted poor countries (HIPC),HPC,2020,13.594740304561,46.5424069463776,27.1602205959851,0.381128607680509,63.8096279614673,0.0641262855579407,3.07010468328667,25.2358125869801,81.9484420894156,5.43276061284761,1.6288077318225995
174,High income,HIC,2019,100.0,99.9997084339006,29.2516308042545,1.76367519614162,80.9780531227223,0.005,18.2954178106575,29.3192163071443,79.1209301297822,4.78632969924968,1.5396927919989654
175,High income,HIC,2020,100.0,99.9999805315511,29.2605824926872,-4.48778987331492,80.3072393310149,0.004900000000000001,18.6418211304537,30.3258393582252,79.268677045755,6.48877321203701,1.5418298574424254
176,Honduras,HND,2019,48.1,91.0999984741211,57.0221646259719,2.65306625480355,75.27,0.016800000000000002,4.82818952409457,21.09375,54.4167796494713,5.69999980926514,1.940040257716747
177,Honduras,HND,2020,48.3,93.2067108154297,56.8349271606042,-8.96476018404584,75.448,0.0162,4.97320085491529,21.09375,52.9823387527007,8.3730001449585,1.9470460180598999
178,Hungary,HUN,2019,100.0,100.0,22.5122726276572,4.55406307213036,76.3195121951219,0.0040999999999999995,19.6944576067002,12.5628140703518,73.3738411503334,3.42000007629395,2.0296648158707304
179,Hungary,HUN,2020,100.0,100.0,22.4962743808898,-4.67568699324362,75.6170731707317,0.004,20.1631079450426,12.0603015075377,73.1859872923557,4.25,2.0287307881217247
180,IBRD only,IBD,2019,77.1036765940353,98.317338005068,33.9421265293613,3.97938040304091,73.6155442434613,0.02197230431939,8.7969893663517,23.5428370786517,64.367035521666,5.66386859639335,1.8319177618420623
181,IBRD only,IBD,2020,78.9798867518643,98.7784123253362,33.9250508021843,-1.50103699516393,73.7015856204204,0.0210849396184306,9.09108518421445,24.2715038033938,63.4608065544764,6.87880397493981,1.8351495750241082
182,IDA & IBRD total,IBT,2019,63.2421654216499,88.4214882952889,31.8155659027376,3.97962213172968,71.2810998904137,0.0408305581764997,7.45300253575211,22.5355557885173,65.8611895769655,5.49053260362945,1.830164381055668
183,IDA & IBRD total,IBT,2020,64.711140748906,89.0214374746164,31.7630713187209,-1.40239984775179,71.3880844315818,0.0396722848598454,7.66398242259433,23.5006380263718,64.9931459519902,6.60752095620299,1.8350805625614703
184,IDA blend,IDB,2019,32.2926548265912,66.9988649272964,29.8289917379876,2.33867122136657,62.4089972219881,0.0839300109864685,3.46532891013883,18.9189189189189,62.7980055904973,5.71355089896555,2.107482840103272
185,IDA blend,IDB,2020,33.7498470302148,67.8680694575568,29.7551365313232,-1.32075992825219,62.6349500666142,0.0816917727072819,3.49350863136116,21.0694698354662,62.2579255319407,6.59390190586146,2.1171097304954922
186,IDA only,IDX,2019,18.7810525825721,56.2071437164948,24.903322428794,5.53019581662441,65.6143077206477,0.060851698717928795,3.61719592172588,21.5386261502247,74.6142578744386,4.53343685501964,1.7310063096079797
187,IDA only,IDX,2020,19.4124009286419,57.8593075730236,24.7332058963004,1.00954486354546,65.9016315611475,0.0589344683075434,3.65132562625924,22.6214461607343,73.5902565046724,5.30626647034342,1.7408119607192174
188,IDA total,IDA,2019,23.327592083419,59.8345781257574,25.767553584867,3.98277181360586,64.5369488281983,0.06873357059602099,3.5660961397584,21.042588255703,70.9988604109722,4.89451422697806,1.8251386564347336
189,IDA total,IDA,2020,24.2354004933963,61.2261731828994,25.6143265412295,-0.110195190133211,64.8039437358971,0.0666906533104747,3.59823948993323,22.3161301924114,70.1089047638598,5.70183485567907,1.8348842286967306
190,Iceland,ISL,2019,100.0,100.0,0.502727362888029,2.43482300037417,83.1634146341463,0.002,15.192121074474,38.0952380952381,89.4512896965601,3.50999999046326,0.553391391358432
191,Iceland,ISL,2020,100.0,100.0,0.5092730338193,-6.50391225040894,83.0658536585366,0.0019,15.6220054330785,38.0952380952381,88.9540915054631,5.48000001907349,0.5604403653841799
192,India,IND,2019,63.9,97.3082656860352,24.1806275414622,4.0415541865323,69.656,0.0344,6.3779241556898,14.3911439114391,28.9152844020892,5.26999998092651,2.6623608334168027
193,India,IND,2020,67.9,99.0,24.270228273336,-7.25175478178826,69.887,0.032600000000000004,6.57388867644794,14.3646408839779,26.7935082402427,7.99700021743774,2.666657802954208
194,Indonesia,IDN,2019,81.85,98.8499984741211,49.3942964092507,5.01815971508286,71.716,0.0238,6.05030268241321,17.3913043478261,65.3889966053136,3.61999988555908,2.1587844829638914
195,Indonesia,IDN,2020,84.5,96.9499969482422,49.0717803654717,-2.06954349906437,71.908,0.023,6.26251338481323,20.3478260869565,65.2362179887967,4.28000020980835,2.163410496521952
196,"Iran, Islamic Rep.",IRN,2019,96.4,100.0,6.59610378447408,-6.78422367041092,76.677,0.0134,6.35852205539563,5.88235294117647,24.1222054446192,10.7399997711182,1.7067702116185077
197,"Iran, Islamic Rep.",IRN,2020,96.1,100.0,6.60126108205015,3.38826166523735,76.87,0.0129,6.56435458647845,5.59440559440559,20.3968797308313,12.168999671936,1.7123857551879964
198,Iraq,IRQ,2019,98.9,99.9920043945313,1.90036118379833,5.95732750325479,70.604,0.0261,3.39853313359679,25.2279635258359,15.6177256339543,12.8629999160767,1.9568829152190594
199,Iraq,IRQ,2020,99.0,100.0,1.90036118379833,-15.6730927866074,70.748,0.0252,3.44273041454691,26.4437689969605,15.4682692802977,14.0880002975464,1.9668512952670274
200,Ireland,IRL,2019,100.0,100.0,11.2936565539265,4.91700697830244,82.7024390243903,0.0032,14.2228307453464,22.1518987341772,81.924650980726,4.94999980926514,1.8550728864324733
201,Ireland,IRL,2020,100.0,100.0,11.3517201335462,5.86697550911293,82.2048780487805,0.003,14.5779505227647,22.5,81.7754071077442,5.61999988555908,1.8595676929796319
202,Israel,ISR,2019,100.0,100.0,6.46950092421442,3.77358980957163,82.8048780487805,0.0036,12.2086744136338,23.3333333333333,88.1201458350572,3.79999995231628,2.6215832337247016
203,Israel,ISR,2020,100.0,100.0,6.46950092421442,-2.15342848939964,82.7,0.0036,12.4143452715517,27.5,88.8434310845657,4.32999992370605,2.629242796003094
204,Italy,ITA,2019,100.0,100.0,31.9494844322037,0.410278293983012,83.4975609756098,0.003,23.0121366488811,35.7142857142857,69.7432229106494,9.94999980926514,2.3023632352613763
205,Italy,ITA,2020,100.0,100.0,32.1302186544856,-8.93859250023444,82.3439024390244,0.0029,23.3018929993944,35.7142857142857,68.9273368139477,9.15999984741211,2.3003258061572245
206,Jamaica,JAM,2019,83.4,99.3676223754883,54.7553093259464,0.892291653822227,74.475,0.013699999999999999,8.92239167324395,17.4603174603175,82.2956976666479,7.69000005722046,2.434939827826295
207,Jamaica,JAM,2020,82.7,100.0,55.1144967682364,-10.0,74.586,0.013300000000000001,9.07777237825492,28.5714285714286,80.3528331301945,9.47999954223633,2.436833564242777
208,Japan,JPN,2019,100.0,100.0,68.4087791495199,0.270304645083556,84.3563414634146,0.0025,28.0020492778115,10.1075268817204,74.6507092730735,2.40000009536743,2.5395852130871734
209,Japan,JPN,2020,100.0,100.0,68.4087791495199,-4.58550828070608,84.6156097560976,0.0025,28.3972730704411,9.89247311827957,74.5096385561487,2.79999995231628,2.5381074445624425
210,Jordan,JOR,2019,99.9,100.0,1.09822031989187,1.95546635784412,74.526,0.0155,3.89341629235651,15.3846153846154,21.870117888073,16.8099994659424,2.0560791970366235
211,Jordan,JOR,2020,99.9,99.9000015258789,1.09822031989187,-1.55138446553204,74.655,0.015,3.95369697193039,11.5384615384615,21.5815450415854,19.0259990692139,2.0604187050741145
212,Kazakhstan,KAZ,2019,92.8,100.0,1.26882246175501,4.50000000008481,73.18,0.0101,7.65234394098093,27.1028037383178,83.3040574829362,4.80000019073486,0.8361770821464007
213,Kazakhstan,KAZ,2020,92.7,100.0,1.27965329481053,-2.5,71.37,0.01,7.9028021260597,27.1028037383178,84.3716893684532,4.8899998664856,0.8417885942870826
214,Kenya,KEN,2019,17.7,69.6999969482422,6.34481849808483,4.98113262830462,66.699,0.043,2.42382670984367,21.7765042979943,94.8662257996371,5.01000022888184,1.9655516386649308
215,Kenya,KEN,2020,19.5,71.4379425048828,6.34481849808483,-0.316182728955951,66.991,0.0419,2.50918631382811,21.7765042979943,93.9551494441792,5.72900009155273,1.9753314267710196
216,Kiribati,KIR,2019,9.1,90.0328521728516,1.45679012345679,3.92644543807539,68.369,0.0512,4.08227471387514,6.52173913043478,0.0,0.0,2.161951845698929
217,Kiribati,KIR,2020,9.9,91.9630279541016,1.45679012345679,-1.94755664673815,68.611,0.0496,4.21518807189679,8.88888888888889,0.0,0.0,2.1686865918249563
218,"Korea, Dem. People's Rep.",PRK,2019,10.8,49.9720001220703,50.255958807408,0.0,72.274,0.0173,9.25808888988112,17.6128093158661,90.3651106076707,2.59100008010864,2.328698307046344
219,"Korea, Dem. People's Rep.",PRK,2020,11.5,52.3135452270508,50.079644547795,0.0,72.453,0.0165,9.3486915768358,17.6128093158661,89.9960540057246,2.9210000038147,2.330600393442855
220,"Korea, Rep.",KOR,2019,100.0,100.0,64.5713699753897,2.24397786011012,83.2268292682927,0.0031,15.0601768953737,16.6666666666667,73.155356368518,3.75,2.7249410323619623
221,"Korea, Rep.",KOR,2020,100.0,100.0,64.4688269073011,-0.852031428863825,83.4268292682927,0.003,15.7909063699764,19.0,73.0999153118471,3.9300000667572,2.7255397909775136
222,Kuwait,KWT,2019,100.0,100.0,0.350729517396184,0.427463940207701,75.489,0.0088,2.76383898297229,4.61538461538462,57.1593448672026,2.16700005531311,2.3730727610608713
223,Kuwait,KWT,2020,100.0,100.0,0.350729517396184,-8.6852616529353,75.586,0.0089,3.03580013070852,6.34920634920635,55.9201415123938,3.53900003433228,2.379577433327807
224,Kyrgyz Republic,KGZ,2019,76.6,99.8742370605469,6.76298227320125,4.60062566646762,71.6,0.0183,4.60029458294692,19.1666666666667,59.3321193967595,6.91800022125244,1.5271283726512106
225,Kyrgyz Republic,KGZ,2020,76.6,99.9810485839844,6.85808133472367,-8.61655103130452,71.8,0.0175,4.72789363285432,16.5217391304348,58.5045886012909,8.70600032806396,1.5353706905090667
226,Lao PDR,LAO,2019,7.7,99.0920867919922,72.053726169844,5.4577350924848,67.923,0.045700000000000005,4.16398457065425,27.5167785234899,96.429072828965,0.851999998092651,1.4922503992787801
227,Lao PDR,LAO,2020,8.5,100.0,71.9042461005199,0.503031829708618,68.219,0.0441,4.25917730044148,27.5167785234899,96.2304527779863,1.03400003910065,1.4986303833467853
228,Late-demographic dividend,LTE,2019,80.6742926938634,99.3741150003138,39.4843448373005,4.70913064475378,76.4412881269183,0.00996841842000211,11.1855347927131,21.9700492977397,80.4252605328784,5.14907988736648,1.714402718455069
229,Late-demographic dividend,LTE,2020,81.8100806570248,99.4636859597143,39.5004966184584,0.142040945896341,76.4388918288518,0.00950615444338176,11.6205394849324,22.1942814566452,79.5130454376131,5.89033549176198,1.715931721497482
230,Latin America & Caribbean,LCN,2019,88.4459807941951,98.0940252889238,46.6299437341537,0.797500501372681,75.6014950394695,0.0166,8.70193001147775,31.669776119403,68.6475685643781,7.93170248864095,1.5086470724034626
231,Latin America & Caribbean,LCN,2020,88.6873413146483,98.5161272840617,46.5110125132635,-6.72242728622075,75.762427569981,0.0162,8.97020624893282,32.757793764988,66.2296911490777,10.061898401691,1.5126152789648137
232,Latin America & Caribbean (IDA & IBRD),TLA,2019,88.3409622923045,98.0499073446023,46.7077659849221,0.80040525737941,75.5203877691048,0.0167098620895769,8.5152938335182,28.3619258439402,68.7886887836307,8.03829707029298,1.5006378767996629
233,Latin America & Caribbean (IDA & IBRD),TLA,2020,88.5842628069469,98.4791599864673,46.588053040884,-6.65871939280149,75.6828220726702,0.0162995396352307,8.77811311991819,29.5480549199085,66.3464764866758,10.1987749830439,1.5046466002517143
234,Latin America & Caribbean (excluding high income),LAC,2019,87.5493615172845,97.9116755629079,47.5946306037444,0.787154649957913,75.5913263871771,0.0164543005904391,8.54236858170264,33.2796132151491,69.1701549017193,8.06235657313498,1.5101566590743194
235,Latin America & Caribbean (excluding high income),LAC,2020,87.8185000225606,98.3737669578794,47.45810640115,-6.78442876037036,75.7582091674716,0.016025098085610503,8.79737537132974,34.5449500554939,66.7036878939107,10.1747861788602,1.5143643648973777
236,Latvia,LVA,2019,100.0,100.0,54.8706716057336,2.48432635462976,75.3878048780488,0.0040999999999999995,20.3365110033182,30.0,81.8581357719282,6.30999994277954,1.4888798827836516
237,Latvia,LVA,2020,100.0,100.0,54.9330004831696,-3.61856599172043,75.3878048780488,0.004,20.6873827668145,30.0,81.7114652870494,8.10000038146973,1.4858345596254903
238,Least developed countries: UN classification,LDC,2019,16.49843023053,52.9290034230591,26.480627267796,5.02354842643513,65.3439325137345,0.0626734430209425,3.56308254418213,23.0285855101035,76.0074442874107,4.54982673237125,1.7050828906294464
239,Least developed countries: UN classification,LDC,2020,17.168713781269,54.6963805479401,26.2919122391808,0.691476696165054,65.6289399415688,0.060654624288249005,3.59012558798792,24.3481644830717,74.924548528989,5.32317104898947,1.715073973062716
240,Lebanon,LBN,2019,0.0,99.9748687744141,13.9521016617791,-7.15724706998392,78.93,0.0072,7.27329163283236,4.6875,32.8430997633038,11.3500003814697,2.8261767413674543
241,Lebanon,LBN,2020,0.0,100.0,14.010752688172,-21.4642662752687,79.004,0.007,7.54904625266191,4.6875,32.1516530294389,13.2969999313354,2.8242551468278103
242,Lesotho,LSO,2019,39.3,44.5002098083496,1.13702239789196,-0.381431981522567,54.331,0.09090000000000001,4.92582582526063,23.3333333333333,79.6748838595978,22.4400005340576,1.845111731559346
243,Lesotho,LSO,2020,40.1,47.3527374267578,1.13702239789196,-9.61403701940095,54.836,0.0895,4.94881780782719,23.3333333333333,78.050492898083,24.5629997253418,1.848568789735591
244,Liberia,LBR,2019,0.4,23.1000003814697,79.3988787375415,-2.46729763532686,64.104,0.0804,3.28569397416521,12.3287671232877,88.7749214554898,3.01500010490417,1.7097795518239687
245,Liberia,LBR,2020,0.4,27.5347099304199,79.0847176079734,-2.98291628083938,64.423,0.0783,3.3184773812346,12.3287671232877,86.8306112347834,3.98000001907349,1.7202346164966058
246,Libya,LBY,2019,0.0,68.6424026489258,0.123327687918433,2.53595347758677,72.913,0.0115,4.45823887797361,15.9574468085106,56.0179317641996,19.6550006866455,0.5856673703426163
247,Libya,LBY,2020,0.0,69.7073516845703,0.123327687918433,-31.3000000487945,73.082,0.0111,4.52581552348525,15.9574468085106,56.0167752323627,20.0659999847412,0.5916389443440251
248,Liechtenstein,LIE,2019,0.0,100.0,41.875,0.0,84.1609756097561,0.0,0.0,12.0,0.0,0.0,2.3758921298734994
249,Liechtenstein,LIE,2020,0.0,100.0,41.875,0.0,81.8073170731707,0.0,0.0,12.0,0.0,0.0,2.377226544158697
250,Lithuania,LTU,2019,100.0,100.0,35.1269359731758,4.57377173669815,76.2829268292683,0.0036,20.1584127130225,21.2765957446809,84.4199787628351,6.26000022888184,1.6494652845955944
251,Lithuania,LTU,2020,100.0,100.0,35.1429027622545,-0.132431460828812,74.9292682926829,0.0033,20.6179799426145,26.9503546099291,83.3183325857879,8.48999977111816,1.6495815311497872
252,Low & middle income,LMY,2019,62.5572833144128,88.1268998256235,31.740475992664,3.98948125928185,71.2229539945314,0.0409670669959808,7.38147152274771,23.0041066332568,65.9497863488482,5.48257342886299,1.8354735739037846
253,Low & middle income,LMY,2020,64.0491348074576,88.7439321622241,31.6854316793744,-1.35216094854491,71.3397892278269,0.0397984600640056,7.58922155984203,23.9092064388591,65.0901806377887,6.59202649851329,1.8404435118250595
254,Low income,LIC,2019,14.1197785371637,41.4346688810979,20.5602624785744,4.41636091234403,63.7277492102326,0.0682,3.24852465733517,21.9841403745571,80.2553412594516,4.89269866538062,1.6367434690748668
255,Low income,LIC,2020,14.4760569002404,42.9456828203075,20.4215645160824,0.621414105831988,64.0537576786637,0.066,3.26641016910504,22.485719231435,79.0930468560195,5.62295367159999,1.6481740125760043
256,Lower middle income,LMC,2019,56.6602749460824,88.787155429848,26.3633516661982,3.56429057889684,69.0884916733125,0.0464,5.67669141333594,20.025337073568,50.3116827365051,5.06691595366549,2.108354843124977
257,Lower middle income,LMC,2020,58.969216169281,89.8438007454932,26.256337318985,-3.41583213319029,69.2828184556876,0.044899999999999995,5.8159624052687,21.841105033837,49.564165922717,6.61049751411729,2.1142921646282713
258,Luxembourg,LUX,2019,100.0,100.0,36.5020576131687,3.28380675586517,82.6390243902439,0.0028,14.2749488817321,25.0,85.3263983334538,5.59000015258789,2.406786116374347
259,Luxembourg,LUX,2020,100.0,100.0,36.5020576131687,-1.7762402290181,81.7414634146342,0.0028,14.3907613366604,30.0,88.3191568119479,6.76999998092651,2.414023020145256
260,Madagascar,MDG,2019,0.900000000000001,31.0400009155273,21.3871261601925,4.41123213007131,67.041,0.0519,3.04406412815873,15.8940397350993,94.6094551876149,1.85699999332428,1.666096054004277
261,Madagascar,MDG,2020,1.0,33.7350769042969,21.3644035751117,-7.14061159103504,67.39,0.0502,3.10069496181036,17.8807947019868,92.6602497003952,2.47399997711182,1.6775652207028742
262,Malawi,MWI,2019,1.2,11.1999998092651,24.2225286380993,5.44818133617287,64.263,0.040600000000000004,2.64202417908193,22.9166666666667,89.9372949692092,5.7519998550415,2.2957641172952195
263,Malawi,MWI,2020,1.0,14.8667688369751,23.7770470937633,0.799998330902724,64.694,0.0386,2.64154348113367,22.9166666666667,88.9897051928515,6.70100021362305,2.307294374571524
264,Malaysia,MYS,2019,95.8,100.0,58.3295997565059,4.43947128759625,76.156,0.0086,6.92077130929584,14.4144144144144,66.4551680358981,3.25999999046326,1.9878665228477514
265,Malaysia,MYS,2020,95.5,100.0,58.1769593669152,-5.64694483644712,76.306,0.0086,7.18368371697719,14.8648648648649,66.2812214732767,4.50400018692017,1.9934875314297806
266,Maldives,MDV,2019,99.0,100.0,2.73333333333333,6.88368884556108,78.921,0.007,3.64100023919255,4.59770114942529,51.541894002258,5.34000015258789,3.2479380960814064
267,Maldives,MDV,2020,99.2,100.0,2.73333333333333,-33.499902099428,79.208,0.0065,3.59341700213119,4.59770114942529,50.6774044001476,6.32800006866455,3.255708189470843
268,Mali,MLI,2019,0.900000000000001,47.8362770080566,10.896663634352,4.75616080770808,59.306,0.0942,2.49512781824385,9.52380952380952,72.5283629236722,7.44199991226196,1.207112377424671
269,Mali,MLI,2020,0.900000000000001,50.5614166259766,10.896663634352,-1.235450447077,59.692,0.091,2.47715242133496,27.891156462585,72.5291794076162,7.69600009918213,1.2200154522466038
270,Malta,MLT,2019,100.0,100.0,1.4375,5.53956633683224,82.8585365853659,0.0065,20.8171727539444,14.9253731343284,72.1099354145287,3.61999988555908,3.1973339799546574
271,Malta,MLT,2020,100.0,100.0,1.4375,-7.00112961514149,82.6536585365854,0.0065,21.3238574725451,13.4328358208955,74.4408833181895,4.26000022888184,3.206937132881564
272,Marshall Islands,MHL,2019,63.9,97.538200378418,52.2222222222222,6.64466373729447,0.0,0.0316,0.0,6.06060606060606,0.0,0.0,2.514038342239856
273,Marshall Islands,MHL,2020,63.9,99.1606063842773,52.2222222222222,-2.20760540236407,0.0,0.030699999999999998,0.0,6.06060606060606,0.0,0.0,2.517005183056281
274,Mauritania,MRT,2019,43.0,45.8300323486328,0.308819249054041,5.75993058973705,64.925,0.073,3.15624381310632,20.2614379084967,44.5357092283685,10.3929996490479,0.6425532940522708
275,Mauritania,MRT,2020,42.6,47.3484191894531,0.303483069758417,-1.76332179417277,65.129,0.0707,3.17786813567794,20.2614379084967,44.1097928731187,11.2700004577637,0.6542889208176205
276,Mauritius,MUS,2019,96.9,100.0,19.0788177339901,3.01237590269628,74.2358536585366,0.016,11.99872722633,20.0,63.0412965482323,6.32999992370605,2.7948385165570926
277,Mauritius,MUS,2020,96.8,99.6616516113281,19.0985221674877,-14.8946875651821,74.1770731707317,0.0165,12.520129457574,20.0,61.3194423431833,7.40700006484985,2.794848467008415
278,Mexico,MEX,2019,84.9,99.5999984741211,33.8588183852465,-0.176599456271802,75.054,0.0141,7.41666060424488,48.2,57.9519132348188,3.48000001907349,1.8170822875164994
279,Mexico,MEX,2020,84.9,99.4000015258789,33.7930913860953,-8.30903465889521,75.131,0.013699999999999999,7.61810383432982,48.2,57.1909131213353,4.44999980926514,1.821678165591577
280,"Micronesia, Fed. Sts.",FSM,2019,12.8,81.2767333984375,91.9857142857143,1.17479922829746,67.883,0.0254,4.19276896718359,0.0,0.0,0.0,2.2110861992717723
281,"Micronesia, Fed. Sts.",FSM,2020,13.0,82.9259185791016,92.0285714285714,-1.76541515225117,68.002,0.0247,4.39042626257357,0.0,0.0,0.0,2.2156790990481268
282,Middle East & North Africa,MEA,2019,96.1136503945514,97.2308525888101,2.04698971759677,1.16101939004506,74.2708741030731,0.0219,5.30838882319988,16.3636363636364,30.0909966955487,9.14592708290942,1.609517573742909
283,Middle East & North Africa,MEA,2020,96.0619982172905,97.3559358494581,2.04975627150149,-3.98774252432908,74.4477337438886,0.0213,5.44063390621453,18.3291139240506,29.7953164172096,10.5409737944527,1.6169028633852733
284,Middle East & North Africa (IDA & IBRD),TMN,2019,95.4094217993872,96.7131270524313,2.49213411033542,0.54848037317754,73.7742356819193,0.0238050063067236,5.53050218189877,16.2686567164179,24.6536544078481,10.6049868199962,1.6489373877933327
285,Middle East & North Africa (IDA & IBRD),TMN,2020,95.3488000014935,96.8613853148127,2.49572759638632,-3.4041558537275,73.9623843227375,0.023151221685926197,5.66534983881572,18.4320766008378,23.4224160750376,12.0902751584049,1.6562935044744576
286,Middle East & North Africa (excluding high income),MNA,2019,95.4094217993872,96.7526692934921,2.49157137485796,0.556792432092962,73.7775893150047,0.0236969294092121,5.50214556032393,16.2686567164179,24.6667398608476,10.7683129452041,1.6538911195478738
287,Middle East & North Africa (excluding high income),MNA,2020,95.3488000014935,96.8994408309204,2.49516235742972,-3.4879147659418,73.9654230228965,0.0230443446349577,5.63565150519812,18.4320766008378,23.4367757886956,12.2390777292652,1.6612888173332059
288,Middle income,MIC,2019,67.9968684113367,93.3459874762936,33.8522580469445,3.98334783149133,72.0607612706868,0.0351527195366775,7.84359124970063,23.2691717455167,64.5462067308371,5.54044858298157,1.864596645242146
289,Middle income,MIC,2020,69.7090418121753,93.9501266981123,33.813014708738,-1.37966130484422,72.1678082672686,0.034099169327714104,8.08063656601419,24.2738681211476,63.6785332091139,6.68972000946962,1.868838438991239
290,Moldova,MDA,2019,95.8,100.0,11.7529716925191,3.68340426071718,71.901,0.0148,12.0131191070183,25.7425742574257,81.3023933008829,5.09999990463257,1.9674737622943268
291,Moldova,MDA,2020,95.8,100.0,11.7529716925191,-6.96904715700302,72.006,0.0145,12.4930248492611,24.7524752475248,80.1861000287866,3.8199999332428,1.9601641213614371
292,Monaco,MCO,2019,100.0,100.0,0.0,6.90566549200324,0.0,0.0031,0.0,33.3333333333333,0.0,0.0,4.2838432228272225
293,Monaco,MCO,2020,100.0,100.0,0.0,-11.7527733755943,0.0,0.003,0.0,33.3333333333333,0.0,0.0,4.286919518348042
294,Mongolia,MNG,2019,50.1,97.2299118041992,9.10184266545942,5.60224421870959,69.87,0.016,4.18933345157011,17.3333333333333,78.1669795505964,5.43900012969971,0.31619233880705977
295,Mongolia,MNG,2020,51.8,98.0999984741211,9.10112987275687,-4.55775197337685,70.056,0.0154,4.31230916117854,17.3333333333333,77.5723447367999,7.01000022888184,0.32328789993065643
296,Montenegro,MNE,2019,62.0,100.0,61.4869888475836,4.06294499167197,76.6829268292683,0.0026,15.3891720688486,28.3950617283951,76.514221042433,15.1199998855591,1.6650876501462797
297,Montenegro,MNE,2020,62.4,100.0,61.4869888475836,-15.3068937570407,75.9317073170732,0.0024,15.769521037598,22.2222222222222,76.5806496767629,17.8999996185303,1.6645832633102733
298,Morocco,MAR,2019,98.0,99.5999984741211,12.8435805511987,2.60793549462446,76.68,0.0195,7.30045477092159,20.5063291139241,33.9119284951106,9.27999973297119,1.912329905962864
299,Morocco,MAR,2020,98.1,100.0,12.8668832623796,-6.29325315954672,76.901,0.018699999999999998,7.60664427741004,20.5063291139241,33.2360313062633,11.4540004730225,1.9175237239061738
300,Mozambique,MOZ,2019,4.8,29.6744499206543,47.0079478114906,2.31460601020051,60.854,0.0729,2.87844616926622,41.2,98.665797018613,3.46600008010864,1.5867557431235442
301,Mozambique,MOZ,2020,5.1,30.603832244873,46.7251964699,-1.23390571070034,61.387,0.0706,2.86182547131403,42.4,98.666950156084,3.80999994277954,1.5992930880544625
302,Myanmar,MMR,2019,28.9,68.358528137207,44.1697942676818,6.7504601462238,67.134,0.045200000000000004,6.01170459957569,11.3163972286374,60.9689604969387,0.5,1.9179854193705648
303,Myanmar,MMR,2020,31.25,70.3971939086914,43.7259915133504,3.17377440041078,67.363,0.0437,6.23608798414991,16.8253968253968,59.903179094742,1.05799996852875,1.9209035887345551
304,Namibia,NAM,2019,46.5,55.1770896911621,8.15011721264682,-0.888099159557285,63.708,0.0419,3.60805442307769,42.7083333333333,88.398834829429,19.988000869751,0.48143484634049416
305,Namibia,NAM,2020,46.8,56.2586936950684,8.06386570953127,-8.50014903765293,64.045,0.0402,3.58584834930861,43.2692307692308,87.5503706420917,21.4459991455078,0.48943746763652896
306,Nauru,NRU,2019,100.0,100.0,0.0,0.0,0.0,0.0295,0.0,10.5263157894737,0.0,0.0,2.7309436934277356
307,Nauru,NRU,2020,100.0,100.0,0.0,1.14942528735634,0.0,0.0285,0.0,10.5263157894737,0.0,0.0,2.733758835587203
308,Nepal,NPL,2019,33.6,89.9000015258789,41.5907220090687,6.65705542802834,70.778,0.0293,5.78256761664542,32.7272727272727,97.6525856365147,3.09699988365173,2.300100654023555
309,Nepal,NPL,2020,34.8,89.9000015258789,41.5907220090687,-2.08837869543885,71.067,0.0282,5.82814699537437,32.7272727272727,95.2451659556797,4.72399997711182,2.3080442748625942
310,Netherlands,NLD,2019,100.0,100.0,10.9465399465399,1.95558841574046,82.1121951219512,0.0040999999999999995,19.6053197232518,31.3333333333333,85.602218463357,3.38000011444092,2.711928032915186
311,Netherlands,NLD,2020,100.0,100.0,10.974160974161,-3.79863599268334,81.409756097561,0.004200000000000001,20.0348213864685,33.3333333333333,86.3820603513882,3.8199999332428,2.7143407159119852
312,New Zealand,NZL,2019,100.0,100.0,37.4673198891041,1.63393261347822,81.7073170731707,0.004900000000000001,15.9939561741085,40.8333333333333,87.2582577244187,4.1100001335144,1.2767009399836184
313,New Zealand,NZL,2020,100.0,100.0,37.5701264669021,1.86285153314982,82.0560975609756,0.0047,16.368309038572,48.3333333333333,86.3885524735533,4.59000015258789,1.2857638151827153
314,Nicaragua,NIC,2019,55.1,88.0583267211914,29.1468339704172,-3.67479457842713,74.485,0.0166,5.45799237399973,44.5652173913043,58.2366878237903,5.21099996566772,1.7355330190910465
315,Nicaragua,NIC,2020,56.2,88.9073791503906,28.315855077281,-1.97732939329578,74.697,0.016,5.67749919466276,47.2527472527472,57.3826197884121,6.07800006866455,1.7407466374367437
316,Niger,NER,2019,2.3,18.9745712280273,0.862177311123392,5.94139686297071,62.42,0.0803,2.59671142648349,16.9590643274854,73.5025742865681,0.554000020027161,1.2648818986351749
317,Niger,NER,2020,2.4,19.2519092559814,0.852372305991948,3.58000640281861,62.792,0.0775,2.59609303958037,16.9590643274854,73.5028651330125,0.624000012874603,1.2812606691138801
318,Nigeria,NGA,2019,12.9,55.4000015258789,23.9250853673265,2.2084292771582,54.687,0.1169,2.74308333819201,3.38028169014084,80.9329907389603,8.52999973297119,2.3437086915448
319,Nigeria,NGA,2020,15.0,55.4000015258789,23.7457865322749,-1.79425308233591,55.018,0.1138,2.73806406007727,7.22222222222222,80.3718569702391,9.71399974822998,2.354752684720577
320,North America,NAC,2019,100.0,100.0,36.2589719773529,2.13854121090904,79.1233652977549,0.0063,16.3573975957251,25.8777633289987,83.7010736396374,3.89109362414895,1.3054833446426346
321,North America,NAC,2020,100.0,100.0,36.2569303570064,-3.54858660544932,77.7411629363876,0.0062,16.782588965897,28.1413612565445,83.5958221258046,8.20610779642912,1.3097426107097856
322,North Macedonia,MKD,2019,77.3,100.0,39.7101506740682,3.91041953840173,76.6024390243903,0.0068,14.0854223673228,39.1666666666667,67.9723518256038,17.2600002288818,1.9156274259003818
323,North Macedonia,MKD,2020,78.1,100.0,39.7101506740682,-5.20844405705904,75.6931707317073,0.005900000000000001,14.4772854033889,39.1666666666667,66.2804545905547,17.2000007629395,1.9147559530181801
324,Norway,NOR,2019,100.0,100.0,33.3386422669357,0.745798219243483,82.9585365853659,0.0023,17.272665921403,40.8284023668639,93.9355977746743,3.69000005722046,1.165761782393567
325,Norway,NOR,2020,100.0,100.0,33.3600058174591,-0.717182669244792,83.209756097561,0.0022,17.5265774017425,41.4201183431953,94.5847852247527,4.42000007629395,1.1683187229636847
326,OECD members,OED,2019,98.0023487154967,99.9525381240233,32.7534271971549,1.74137219097817,80.285345286929,0.00692712383286045,17.0761002411049,30.8018124507486,77.1054438534546,5.39835649591581,1.5847292100549843
327,OECD members,OED,2020,98.0187565702822,99.9432725372108,32.7572104372531,-4.46933139207775,79.701853222832,0.00675725893674202,17.3955184628022,31.4990138067061,77.0105282138422,7.10313998799271,1.5871966830688577
328,Oman,OMN,2019,100.0,100.0,0.0080775444264943,-1.12920645748066,77.861,0.0111,2.44858980507684,2.32558139534884,33.8737147167073,1.84800004959106,1.2061317333620605
329,Oman,OMN,2020,100.0,100.0,0.0080775444264943,-3.2009359899042,78.078,0.011,2.51101216341279,2.32558139534884,33.0965868143954,2.94000005722046,1.2174730585448674
330,Other small states,OSS,2019,58.4132934577537,78.1356912200475,28.8230416955136,2.09695113666042,68.8355848870529,0.0482352792793805,5.57440733970262,20.5184776613348,73.5646858603889,9.78885919060163,1.1884091367609433
331,Other small states,OSS,2020,58.6415419462415,79.1946737448482,28.7138589594648,-5.1075217392263,69.0319829742748,0.0468476163871024,5.6580481727956,20.9429824561403,72.5970394884415,11.0077112400496,1.1962135430481038
332,Pacific island small states,PSS,2019,31.3159594089277,86.0064848271962,68.3661576815207,0.91132611409644,70.079731488335,0.0241914896709899,4.62755305013224,7.77479892761394,72.0098947840283,2.87501478664192,1.5889917477899516
333,Pacific island small states,PSS,2020,32.0205532476221,87.6160393715237,68.4531006544095,-9.89531172078412,70.2275053761847,0.0238577795341635,4.72933006565988,8.10810810810811,71.9871525619552,3.13375714168766,1.5954065887331617
334,Pakistan,PAK,2019,47.8,74.1276931762695,4.88693441261934,1.14474960525021,67.273,0.0673,4.32240770888347,20.2346041055718,27.0938996212181,3.54200005531311,2.4486021271492877
335,Pakistan,PAK,2020,49.3,75.3796920776367,4.83330738895807,-0.935389532589809,67.428,0.06520000000000001,4.34864966345144,20.1754385964912,26.517323669833,4.30299997329712,2.457193859861029
336,Palau,PLW,2019,100.0,100.0,89.8478260869565,-1.89624329159213,0.0,0.0174,0.0,12.5,0.0,0.0,1.5925388002227665
337,Palau,PLW,2020,100.0,100.0,90.0217391304348,-9.73741794310722,0.0,0.0169,0.0,6.25,0.0,0.0,1.594728747392307
338,Panama,PAN,2019,87.6,95.8163299560547,56.9617266807771,2.97971546082071,78.506,0.0148,8.31383660521204,21.1267605633803,69.5463315846963,4.72599983215332,1.7577557272806654
339,Panama,PAN,2020,87.6,96.7046356201172,56.8079054154253,-17.9448639999999,78.68,0.0143,8.53879247709088,22.5352112676056,67.4521732070371,12.8540000915527,1.7646881843484015
340,Papua New Guinea,PNG,2019,9.1,59.6629753112793,79.2502981053747,4.48043060824274,64.501,0.0453,3.50942541848557,0.0,96.5954280078173,2.44899988174438,1.2873385412100895
341,Papua New Guinea,PNG,2020,9.4,60.4000015258789,79.1762575630438,-3.50000000000009,64.725,0.0439,3.57157866123976,0.0,96.5959893492313,2.59500002861023,1.295714785719626
342,Paraguay,PRY,2019,68.0,99.6999969482422,41.2323181474956,-0.40185510068001,74.254,0.0195,6.6208246955556,15.0,71.2346462142789,6.59000015258789,1.2487401776951976
343,Paraguay,PRY,2020,68.6,100.0,40.5292222501888,-0.565695446951935,74.363,0.0189,6.81098369192004,16.25,68.6317087397822,7.55000019073486,1.2541250419554266
344,Peru,PER,2019,83.25,95.5513610839844,56.643125,2.2039747486556,76.736,0.013300000000000001,8.39347886047604,30.0,82.5647730508278,3.38000011444092,1.4048131715684975
345,Peru,PER,2020,85.1,99.3118133544922,56.5081015625,-11.1488118768393,76.947,0.0128,8.72526306831275,26.1538461538462,77.1848885334586,7.17999982833862,1.4109332930903866
346,Philippines,PHL,2019,46.5,95.6450805664063,23.9920179763222,6.11852566256255,71.231,0.027100000000000003,5.31499621959123,27.9605263157895,64.151801473444,2.24000000953674,2.559428522803462
347,Philippines,PHL,2020,48.0,96.8423843383789,24.1090317604051,-9.57302987461006,71.36,0.0264,5.51164864430335,27.9605263157895,63.6195381387179,2.51999998092651,2.565271650897684
348,Poland,POL,2019,100.0,100.0,30.9337949505177,4.74495015589534,77.9048780487805,0.0044,18.1168972529604,28.695652173913,74.0924928134551,3.27999997138977,2.093426203667872
349,Poland,POL,2020,100.0,100.0,30.9729888623967,-2.5406586820496,76.6,0.0044,18.739450673668,28.695652173913,73.6234179796069,3.16000008583069,2.092665918809218
350,Portugal,PRT,2019,100.0,100.0,36.154994891142,2.68275992118076,81.6756097560976,0.0034,22.3566907196201,38.695652173913,85.075245807791,6.46000003814697,2.050335600592644
351,Portugal,PRT,2020,100.0,100.0,36.154994891142,-8.44245642824731,80.9756097560976,0.0033,22.7722689742347,40.0,85.0031707477453,6.78999996185303,2.050792105438293
352,Post-demographic dividend,PST,2019,99.5579935871974,99.9979630532874,32.1017150017819,1.70019767777845,80.889960334263,0.00481846232625345,19.2898500244793,31.9724967769661,81.0653607803552,4.95570865067703,1.5501895647037636
353,Post-demographic dividend,PST,2020,99.5654378557632,99.9981376420543,32.1075007946703,-4.67983210422426,80.1627308445989,0.00475145969887785,19.6380475770797,32.9353554910186,81.1751419155498,6.70242041485607,1.5518297210527505
354,Pre-demographic dividend,PRE,2019,17.2269573896403,47.5468721039675,26.0401469218005,3.29379993143084,61.1759780623445,0.0790811306200588,2.7682337820365,22.0113314447592,81.4353010640762,6.19586347430733,1.6685226327670133
355,Pre-demographic dividend,PRE,2020,17.9554340025482,48.4464380996085,25.8602816077099,-3.07114847702094,61.4987693990592,0.0766572090511703,2.78174111917696,22.8650137741047,80.7227895713071,6.93506250130469,1.6802633517907093
356,Qatar,QAT,2019,100.0,100.0,0.0,0.688240959581606,80.227,0.0060999999999999995,1.52316311725676,9.75609756097561,60.6948335747294,0.100000001490116,2.391784108225525
357,Qatar,QAT,2020,100.0,100.0,0.0,-3.55760399909461,80.363,0.0058,1.68913935286855,9.75609756097561,60.0844473988724,0.214000001549721,2.3992322741591456
358,Romania,ROU,2019,87.7,100.0,30.1158292767733,4.18826034117856,75.6073170731707,0.0070999999999999995,18.79006578875,21.8844984802432,69.7065155404309,3.91000008583069,1.925287700228056
359,Romania,ROU,2020,87.7,100.0,30.1158292767733,-3.93045405715536,74.3536585365854,0.006900000000000001,19.23091497831,21.8844984802432,69.2912512178655,5.03000020980835,1.922721488869534
360,Russian Federation,RUS,2019,87.8,100.0,49.7843360788722,2.03298273919678,73.0839024390244,0.0058,15.0941252324225,15.7777777777778,78.3984110789773,4.5,0.9453551216817964
361,Russian Federation,RUS,2020,86.3,100.0,49.7843360788722,-2.95127389914892,71.3387804878049,0.0054,15.5089282475307,15.7777777777778,78.6867204176269,5.59000015258789,0.9444453755120739
362,Rwanda,RWA,2019,1.9,40.3686065673828,11.1471422780705,9.46068248236998,69.024,0.0419,3.02825306190331,61.25,101.310342262754,1.09800004959106,2.7091288985376236
363,Rwanda,RWA,2020,2.4,46.5999984741211,11.1876773408999,-3.35547212198846,69.329,0.0405,3.11930358182668,61.25,100.337747735085,1.48500001430511,2.7201746941936906
364,Samoa,WSM,2019,35.3,99.1999969482422,57.2968197879859,4.37982554521874,73.321,0.0174,4.93310400462716,10.0,57.2506207019963,8.4060001373291,1.8428847645270532
365,Samoa,WSM,2020,36.5,100.0,57.1272084805654,-2.59260829960374,73.45,0.017,5.08381465017589,10.0,56.6998901492017,9.14900016784668,1.8457771215850667
366,San Marino,SMR,2019,100.0,100.0,16.6666666666667,2.37470156492515,0.0,0.0018,0.0,25.0,0.0,0.0,2.7515870050823104
367,San Marino,SMR,2020,100.0,100.0,16.6666666666667,0.0,0.0,0.0018,0.0,33.3333333333333,0.0,0.0,2.7525349949475504
368,Sao Tome and Principe,STP,2019,3.0,74.9672012329102,54.7083333333333,2.21085583286091,70.385,0.017,2.96015921434417,14.5454545454545,53.9680262702146,14.1440000534058,2.3502641748223954
369,Sao Tome and Principe,STP,2020,3.29999999999999,76.5590896606445,54.0625,3.08972555522433,70.583,0.0161,3.00831816169995,23.6363636363636,52.800310814609,15.746000289917,2.3584920403506406
370,Saudi Arabia,SAU,2019,100.0,100.0,0.454484134921779,0.331435728597114,75.133,0.0073,3.41288659962284,19.8675496688742,33.3774003672401,5.6729998588562,1.2025196262464797
371,Saudi Arabia,SAU,2020,100.0,100.0,0.454484134921779,-4.10658341325225,75.28,0.007,3.4984589906707,19.8675496688742,39.8262755972324,7.44999980926514,1.2093764296471061
372,Senegal,SEN,2019,24.7,70.4000015258789,42.1137485067262,4.40240683638351,67.941,0.039700000000000006,3.09847644542059,41.8181818181818,60.4360653814832,2.85999989509583,1.9275922524920133
373,Senegal,SEN,2020,24.2,70.3689422607422,41.9059886770893,1.49976342727345,68.213,0.0381,3.10814780785893,43.030303030303,58.8245664316359,3.62299990653992,1.9393589888864071
374,Serbia,SRB,2019,78.6,99.8000030517578,31.1253144294535,4.33173490608283,75.9365853658537,0.0057,18.7405034178861,37.6518218623482,75.0961420115116,10.3900003433228,1.899877472165816
375,Serbia,SRB,2020,79.8,100.0,31.1302309627258,-0.94459651550703,74.2292682926829,0.0056,19.0585016934728,38.8,75.0888508224363,9.01000022888184,1.896984603609742
376,Seychelles,SYC,2019,100.0,100.0,73.2608695652174,1.1910057381789,74.0463414634146,0.0143,7.80548194681754,21.2121212121212,0.0,0.0,2.3268032152037823
377,Seychelles,SYC,2020,100.0,100.0,73.2608695652174,-10.7709214792022,77.2365853658537,0.013900000000000001,8.06633654305673,24.2424242424242,0.0,0.0,2.330510821410071
378,Sierra Leone,SLE,2019,0.700000000000001,22.7000007629395,35.3922139096703,5.25424120251536,54.696,0.1119,2.94773662314425,12.3287671232877,101.234326834993,4.64900016784668,2.0344124527638523
379,Sierra Leone,SLE,2020,0.800000000000001,26.2008857727051,35.1188694929343,-1.96894782045837,55.066,0.10779999999999999,2.92733480815993,12.3287671232877,100.628352883941,5.19500017166138,2.043421897676951
380,Singapore,SGP,2019,100.0,100.0,22.2143864598025,1.34521748573569,83.5951219512195,0.0024,12.3931294823164,23.0,79.3293251988636,3.09999990463257,3.9055004646912748
381,Singapore,SGP,2020,100.0,100.0,21.9605077574048,-5.39102140610559,83.7439024390244,0.0022,13.351544234508,29.4736842105263,77.3827781454171,4.09999990463257,3.9041458786557794
382,Slovak Republic,SVK,2019,100.0,100.0,40.05615640599,2.60536932770232,77.6658536585366,0.0058,16.1723638921146,20.0,77.378747991203,5.75,2.054762379860014
383,Slovak Republic,SVK,2020,100.0,100.0,40.05615640599,-4.35875380792719,76.8658536585366,0.0058,16.6991352180235,22.6666666666667,77.8982584938771,6.69000005722046,2.055134871959764
384,Slovenia,SVN,2019,100.0,100.0,61.5730716513379,3.25053133558204,81.5292682926829,0.0023,20.1862840087865,27.7777777777778,84.5462667407787,4.44999980926514,2.015828735514296
385,Slovenia,SVN,2020,100.0,100.0,61.4722591923085,-4.22926138908075,80.5317073170732,0.0022,20.7377516789822,27.7777777777778,85.2661217925837,4.96999979019165,2.0187374430283134
386,Small states,SST,2019,62.3204852888352,82.2147461442119,39.7221177214669,1.8434112619814,69.7813233816927,0.0425793084309326,6.12728713567093,19.0657045195594,74.1617238796325,9.10801637894084,1.217299983393555
387,Small states,SST,2020,62.4584163338793,83.188520273414,39.6239691905565,-5.67485396472186,69.9519871025813,0.0413572018280002,6.23136380993668,19.9166982203711,73.0502690747833,10.3892504433648,1.224054569759134
388,Solomon Islands,SLB,2019,9.2,69.8094177246094,90.1643444087174,1.20404998631763,72.996,0.02,3.63080993038459,4.08163265306122,95.404350709726,0.754999995231628,1.3789558608039028
389,Solomon Islands,SLB,2020,9.1,73.3464813232422,90.1382636655948,-4.31726002703921,73.132,0.019399999999999997,3.67092551289592,6.38297872340426,95.3130205615833,0.916000008583069,1.3898767081248442
390,Somalia,SOM,2019,2.9,49.2000007629395,9.6546529792457,8.08144002189277,57.397,0.1183,2.88920381236561,24.3636363636364,44.6782390989822,18.8279991149902,1.391226048339242
391,Somalia,SOM,2020,3.2,49.7308692932129,9.53231102751299,2.44021097265804,57.697,0.1146,2.90213652083888,24.3636363636364,44.4503716171808,19.7229995727539,1.4037088881858533
392,South Africa,ZAF,2019,86.3,85.0,14.0850967364334,0.113053696742199,64.131,0.033,5.41525560779033,46.3476070528967,77.6079960230803,28.4699993133545,1.683695192857174
393,South Africa,ZAF,2020,86.8,84.3855361938477,14.055090718743,-6.43197482605483,64.379,0.0322,5.50943883602892,46.75,76.7397253117594,29.2199993133545,1.6892253088436835
394,South Asia,SAS,2019,56.8894377855045,94.0436403801698,18.7716260364714,4.04155959933803,69.6436174250367,0.040299999999999996,5.99390487004607,18.957345971564,32.4667731485494,5.02001375525172,2.5852328466388634
395,South Asia,SAS,2020,60.2284790909446,95.7842894300092,18.818553629049,-5.7061896493811,69.867846801551,0.0385,6.14971151779029,18.9214758751183,30.5976821540357,7.23979318207037,2.590197377259088
396,South Asia (IDA & IBRD),TSA,2019,56.8894377855045,94.0436403801698,18.7716260364714,4.04155959933803,69.6436174250367,0.040271213934654,5.99390487004607,18.957345971564,32.4667731485495,5.02001375525172,2.5852328466388634
397,South Asia (IDA & IBRD),TSA,2020,60.2284790909446,95.7842894300092,18.818553629049,-5.7061896493811,69.867846801551,0.038485531435748004,6.14971151779029,18.9214758751183,30.5976821540358,7.23979318207037,2.590197377259088
398,South Sudan,SSD,2019,0.0,6.70700693130493,11.3256551489164,0.0,57.846,0.0979,3.37680513659551,28.4595300261097,96.7729433921464,12.2259998321533,1.2431704463443527
399,South Sudan,SSD,2020,0.0,7.24133825302124,11.3256551489164,0.0,58.095,0.0979,3.3527713071386,28.4595300261097,94.6332359973848,14.0299997329712,1.248307105026063
400,Spain,ESP,2019,100.0,100.0,37.1652335911776,2.08519142117105,83.8317073170732,0.0033,19.6478229478216,44.0,83.0689884749571,14.1000003814697,1.9747165556264978
401,Spain,ESP,2020,100.0,100.0,37.1738204008784,-10.8228864939664,82.3341463414634,0.0032,19.9776116999208,44.0,83.1515517277405,15.5299997329712,1.9768175911181842
402,Sri Lanka,LKA,2019,30.6,99.7585678100586,34.2069701280228,2.25517652855038,76.978,0.0072,10.838805756947,5.33333333333333,46.0588856825976,4.34999990463257,2.547078257618373
403,Sri Lanka,LKA,2020,32.2,100.0,34.1558903401009,-3.5690761372374,77.144,0.006900000000000001,11.2328586848264,5.38116591928251,45.0715344392512,5.87799978256226,2.549382739485927
404,St. Kitts and Nevis,KNA,2019,100.0,100.0,42.3076923076923,4.79999952242969,0.0,0.0154,0.0,13.3333333333333,0.0,0.0,2.307940143885269
405,St. Kitts and Nevis,KNA,2020,100.0,100.0,42.3076923076923,-14.3999965497237,0.0,0.015,0.0,25.0,0.0,0.0,2.3108729719725156
406,St. Lucia,LCA,2019,94.4,99.5021820068359,34.0491803278688,-0.063943687373154,76.203,0.024,10.0350128562832,16.6666666666667,87.810510020497,15.3199996948242,2.476634477272673
407,St. Lucia,LCA,2020,94.3,100.0,34.0491803278688,-20.3736417898159,76.343,0.024399999999999998,10.2958715221618,16.6666666666667,85.7628857371326,16.8920001983643,2.4786114341497356
408,St. Vincent and the Grenadines,VCT,2019,94.5,100.0,73.1794871794872,0.534023342876026,72.534,0.0146,9.7405709428605,13.0434782608696,72.7272690177362,19.2800006866455,2.452663032079777
409,St. Vincent and the Grenadines,VCT,2020,94.2,100.0,73.1794871794872,-3.25283390832922,72.658,0.0141,9.90986118622679,18.1818181818182,71.1475501380256,21.0020008087158,2.4540509564044344
410,Sub-Saharan Africa,SSF,2019,17.0928650231738,47.1047724048359,26.4618416011681,2.57695047521966,61.6274515420848,0.0756,3.00411483007912,24.0781160252728,85.3343720414872,6.61078444661189,1.6665913026095263
411,Sub-Saharan Africa,SSF,2020,17.7383392485754,48.3510787862696,26.2944794419033,-2.01213540654427,61.9511085383077,0.0733,3.02118167465177,24.8685901179769,84.4607219076728,7.28055285221688,1.6778564235025146
412,Sub-Saharan Africa (IDA & IBRD),TSS,2019,17.0928650231738,47.1047724048359,26.4618416011681,2.57695047521966,61.6274515420848,0.0755780720435392,3.00411483007912,24.0781160252728,85.3343720414872,6.61078444661189,1.6665913026095263
413,Sub-Saharan Africa (IDA & IBRD),TSS,2020,17.7383392485754,48.3510787862696,26.2944794419033,-2.01213540654427,61.9511085383077,0.0732773383857184,3.02118167465177,24.8685901179769,84.4607219076728,7.28055285221688,1.6778564235025146
414,Sub-Saharan Africa (excluding high income),SSA,2019,17.0855526193824,47.1001070492797,26.460939067836,2.5781412075649,61.6263561968196,0.075580595266402,3.00369134981873,24.0890221402214,85.3343720414872,6.61078444661189,1.6665613749732076
415,Sub-Saharan Africa (excluding high income),SSA,2020,17.7312089526383,48.3466019487037,26.2935736809416,-2.00471206839838,61.9497836200855,0.073279714053786,3.02074436950948,24.8710131332083,84.4607219076729,7.28055285221688,1.6778271566716971
416,Sudan,SDN,2019,53.6,53.9625396728516,10.021291440709,-2.17825104530091,65.311,0.0584,3.62731732647738,0.0,42.8296051308212,17.6539993286133,1.3645862621358889
417,Sudan,SDN,2020,54.7,55.3897018432617,9.92819341929422,-3.62980562615675,65.53,0.056600000000000004,3.67412129645974,0.0,41.8327875688962,19.6490001678467,1.3749705549082487
418,Suriname,SUR,2019,93.9,97.8254165649414,97.4905769230769,1.09846777827852,71.682,0.0181,7.01512972760986,31.3725490196078,67.8608277138726,8.03999996185303,0.5713227899207453
419,Suriname,SUR,2020,94.5,98.2047729492188,97.4121153846154,-15.9079511896139,71.802,0.0176,7.13496706623573,29.4117647058824,66.163723137934,9.77799987792969,0.5752426317603647
420,Sweden,SWE,2019,100.0,100.0,68.6946060739977,1.98619587380391,83.109756097561,0.0027,20.1985696235664,47.2779369627507,90.3837653854615,6.82999992370605,1.4020210189874884
421,Sweden,SWE,2020,100.0,100.0,68.6946060739977,-2.94812787928382,82.4073170731707,0.0026,20.3288061061869,46.9914040114613,88.9808573147837,8.28999996185303,1.4051596822016363
422,Switzerland,CHE,2019,100.0,100.0,32.0292802692983,1.21099220711962,83.9048780487805,0.004,18.8379960576695,41.5,85.5131122415837,4.3899998664856,2.336475003057829
423,Switzerland,CHE,2020,100.0,100.0,32.116333548689,-2.39282604159746,83.1,0.004,19.0975411751085,41.5,85.1738789518793,4.82000017166138,2.339567538319248
424,Syrian Arab Republic,SYR,2019,97.3,89.2692108154297,2.84310842454937,3.74777538743783,72.697,0.0222,4.69185510249333,13.2,22.6365467903658,8.77299976348877,1.9682932452233568
425,Syrian Arab Republic,SYR,2020,96.9,89.1403198242188,2.84310842454937,0.0,73.651,0.0224,4.87442243600212,11.2,21.9400518462075,10.2569999694824,1.9791107188170824
426,Tajikistan,TJK,2019,81.6,99.6332092285156,3.0463289862382,7.39999963813631,71.097,0.033299999999999996,3.0859612115329,19.047619047619,60.4028573493563,7.06099987030029,1.8271054038512546
427,Tajikistan,TJK,2020,82.4,99.779296875,3.0535341162908,4.49999951669761,71.301,0.032299999999999995,3.17975768651486,23.8095238095238,60.0292361925091,7.58300018310547,1.8370828411867552
428,Tanzania,TZA,2019,4.3,37.6596870422363,52.1720478663355,5.79999997709915,65.456,0.0505,2.62054110317161,36.8956743002545,91.5553382415404,2.22199988365173,1.8161332067610871
429,Tanzania,TZA,2020,4.5,39.9000015258789,51.642582975841,1.99634350627701,65.815,0.0489,2.64358863792274,36.71875,91.4291610460899,2.52800011634827,1.8288874702754427
430,Thailand,THA,2019,82.7,99.9000015258789,38.9692497406487,2.26643367175595,77.15,0.009,12.4062503348266,16.2,78.1587277371171,0.720000028610229,2.1344414302034536
431,Thailand,THA,2020,83.6,100.0,38.8987844741529,-6.09898384267129,77.344,0.0087,12.957737608456,15.7464212678937,78.4702299496696,1.10000002384186,2.1355278837174807
432,Timor-Leste,TLS,2019,12.5,90.7986526489258,62.0376597175521,19.5358102438791,69.495,0.0437,4.2865351139377,38.4615384615385,84.8280827903501,4.50500011444092,1.9393278602405999
433,Timor-Leste,TLS,2020,13.6,96.1233139038086,61.9435104236718,10.37185523562,69.712,0.0423,4.28307589622624,38.4615384615385,84.6810716922748,4.90500020980835,1.9477500608414824
434,Togo,TGO,2019,9.25,52.363109588623,22.2877367163081,5.45992144835783,61.042,0.0665,2.88734759103955,16.4835164835165,93.7322244919486,3.71900010108948,2.172019078092785
435,Togo,TGO,2020,10.1,53.9974327087402,22.2333149476007,1.75282496719069,61.34,0.0644,2.90502497727911,18.6813186813187,93.73279132718,3.9449999332428,2.182445027272968
436,Tonga,TON,2019,82.1,98.4000015258789,12.4305555555556,0.734030017207445,70.907,0.011699999999999999,5.94196795988286,7.40740740740741,68.2976701739941,3.06200003623962,2.1617713260526674
437,Tonga,TON,2020,84.1,100.0,12.4305555555556,0.654698595700353,71.018,0.0114,5.91986375892899,7.40740740740741,67.6428094045358,3.62800002098084,2.166730164462389
438,Trinidad and Tobago,TTO,2019,100.0,100.0,44.5633528265107,-1.24642733552926,73.507,0.0172,11.1182080226642,30.952380952381,70.0128901784776,3.42199993133545,2.434447191402078
439,Trinidad and Tobago,TTO,2020,100.0,100.0,44.4814814814815,-7.85393994847536,73.628,0.0166,11.5146396396396,26.1904761904762,68.4942267532414,4.56799983978271,2.435852744790826
440,Tunisia,TUN,2019,99.8,100.0,4.51338825952626,1.40197667646078,76.699,0.0169,8.5934685561919,22.5806451612903,38.787717550213,15.1300001144409,1.8766506527769848
441,Tunisia,TUN,2020,99.8,100.0,4.52323635427395,-9.18237259399903,76.891,0.0166,8.87294869222876,24.8847926267281,37.8771661168519,16.5919990539551,1.8812274830960054
442,Turkey,TUR,2019,95.2,100.0,28.6687888985616,0.889585160591679,77.691,0.0101,8.72628382619289,17.4496644295302,47.6784759028082,13.6700000762939,2.035038209760806
443,Turkey,TUR,2020,95.2,100.0,28.8714836999597,1.79355139618684,77.928,0.0095,8.98106567861368,17.3174872665535,45.2470973605159,13.1099996566772,2.0397468042689937
444,Turkmenistan,TKM,2019,99.9,99.9000015258789,8.78215904496414,6.3,68.191,0.0424,4.5924253238213,25.0,66.7040816520717,4.26800012588501,1.1019063468120673
445,Turkmenistan,TKM,2020,99.9,100.0,8.78215904496414,0.0,68.313,0.0418,4.7680229473405,25.0,66.0628764524212,4.95100021362305,1.1083696232379303
446,Tuvalu,TUV,2019,69.8,99.6999969482422,33.3333333333333,9.75609756097562,0.0,0.022699999999999998,0.0,6.25,0.0,0.0,2.5893910231369333
447,Tuvalu,TUV,2020,70.6,99.6892318725586,33.3333333333333,4.40000000000001,0.0,0.022,0.0,6.25,0.0,0.0,2.5944662157953142
448,Uganda,UGA,2019,0.5,41.2999992370605,11.8649012567325,6.43874503365606,63.368,0.0453,1.96255018738143,34.8583877995643,91.1942634134172,1.92499995231628,2.3439477744349926
449,Uganda,UGA,2020,0.5,42.0744171142578,11.6591861160981,2.9513064215777,63.713,0.0433,1.9856996152271,34.8583877995643,89.1002789039277,2.76799988746643,2.3581479590768613
450,Ukraine,UKR,2019,94.9,100.0,16.7138419054194,3.19950386231294,71.8273170731707,0.008400000000000001,16.7049903897468,20.5188679245283,75.9992608703839,8.1899995803833,1.8842695041986695
451,Ukraine,UKR,2020,94.9,100.0,16.7241974456334,-4.00000610071135,71.1851219512195,0.0081,16.9491433186105,20.8037825059102,75.8908720883917,9.13199996948242,1.8818016191228024
452,United Arab Emirates,ARE,2019,100.0,100.0,4.46775556181357,3.41153868634566,77.972,0.0068,1.15654945602229,50.0,53.9476897747383,2.23000001907349,2.138537276791899
453,United Arab Emirates,ARE,2020,100.0,100.0,4.46775556181357,-6.13450080253007,78.12,0.0066,1.26440765501746,50.0,52.4171051177432,3.18799996376038,2.1438331882705968
454,United Kingdom,GBR,2019,100.0,100.0,13.1525647914686,1.67194419724758,81.2048780487805,0.0043,18.5086956390397,32.0,85.7551502779942,3.74000000953674,2.4413228497235706
455,United Kingdom,GBR,2020,100.0,100.0,13.1856322076634,-9.39616000598907,80.9024390243903,0.004200000000000001,18.6533467108562,33.8461538461538,87.2561841578232,4.47200012207031,2.4437783706800587
456,United States,USA,2019,100.0,100.0,33.8669264120375,2.16117651518969,78.7878048780488,0.0064,16.2096061428511,23.4338747099768,83.206167405427,3.67000007629395,1.5550118845117884
457,United States,USA,2020,100.0,100.0,33.8669264120375,-3.40459157333871,77.2804878048781,0.0063,16.6309257142475,27.4647887323944,83.209395454707,8.05000019073486,1.5591863276404696
458,Upper middle income,UMC,2019,82.9436285558331,99.3114785331162,37.4311784255944,4.12097655734985,75.9503654929953,0.011699999999999999,10.6812855751198,26.3184756719973,78.2283983202805,5.99560705268068,1.6709054393450584
459,Upper middle income,UMC,2020,83.9968241651725,99.3761106989907,37.4243225993801,-0.713231664785468,75.9774633973644,0.0112,11.0732832698291,26.5045902754165,77.2243987488445,6.76575156284991,1.6729185421381916
460,Uruguay,URY,2019,100.0,99.9000015258789,11.4844017826534,0.350447153086122,77.911,0.0067,14.9412404303739,19.1919191919192,78.1353459192447,8.88000011444092,1.2962056377155204
461,Uruguay,URY,2020,100.0,100.0,11.6043880699349,-5.85872124345026,78.056,0.0062,15.0876723291678,21.2121212121212,78.9922513002689,10.3500003814697,1.2977080047691056
462,Uzbekistan,UZB,2019,84.6,100.0,8.31637366503615,5.7096322218392,71.725,0.0148,4.59521572497926,16.0,64.5326797992506,5.84999990463257,1.8820850838198715
463,Uzbekistan,UZB,2020,84.25,100.0,8.37502695463676,1.71477057564864,71.848,0.013900000000000001,4.78885619116774,32.0,63.3323024019802,7.04099988937378,1.8904327732615078
464,Vanuatu,VUT,2019,8.0,64.5901870727539,36.2838392124692,3.91253473745795,70.474,0.0256,3.6160889950047,0.0,77.176973716292,1.80099999904633,1.390946693001163
465,Vanuatu,VUT,2020,7.6,67.3332672119141,36.2838392124692,-6.81399113238088,70.623,0.0249,3.60871900893715,0.0,76.6211236581516,2.11899995803833,1.4013468140372
466,"Venezuela, RB",VEN,2019,97.0,99.9768142700195,52.4596111331557,0.0,72.064,0.0242,7.6109903731012,22.1556886227545,51.4415353024037,5.09600019454956,1.5095927974257257
467,"Venezuela, RB",VEN,2020,97.0,100.0,52.4130151351964,0.0,72.066,0.0242,7.97269933752849,22.1556886227545,50.8342474953762,6.6269998550415,1.508374430708866
468,Vietnam,VNM,2019,64.4,99.4000015258789,46.9803270229303,7.0174348821878,75.4,0.0211,7.55367294178711,26.7206477732794,87.0467137315038,2.03999996185303,2.492896999128073
469,Vietnam,VNM,2020,65.3,100.0,47.2251104589286,2.9058355842084,75.493,0.0209,7.86601168689755,26.7206477732794,87.0484474993759,2.39000010490417,2.4968252704804086
470,World,WLD,2019,68.4556476892066,90.0113042320503,0.0,2.60081424378392,72.7626667582702,0.037700000000000004,9.10174818239696,24.6366036865178,68.2547358503403,5.35708597209513,1.771781703216283
471,World,WLD,2020,69.6805279380974,90.5210375333025,0.0,-3.29368304036699,72.747303139606,0.0366,9.32243295033209,25.5804311774461,67.6062469092109,6.57349107082541,1.7762835950011229
472,"Yemen, Rep.",YEM,2019,61.3,72.7510757446289,1.03983180862549,0.0,66.125,0.0615,2.90214067508993,0.332225913621262,9.00792495806297,13.0559997558594,1.7422068980011107
473,"Yemen, Rep.",YEM,2020,61.5,73.757926940918,1.03983180862549,0.0,66.181,0.0596,2.93098321985502,0.332225913621262,9.00915545979032,13.3909997940063,1.7519853015625033
474,Zambia,ZMB,2019,11.2,43.0,60.5365151535533,1.44130602603785,63.886,0.06409999999999999,2.11531473828777,17.9640718562874,89.0886797382114,12.5200004577637,1.3806898824717642
475,Zambia,ZMB,2020,10.4,44.5244750976563,60.283337144702,-2.78505506545167,64.194,0.061399999999999996,2.1320221900021,16.7664670658683,89.0880281074896,12.8479995727539,1.3932222571911297
476,Zimbabwe,ZWE,2019,30.1,46.7814750671387,45.2130024557322,-6.14423631439116,61.49,0.054200000000000005,2.9806080625078,31.8518518518519,89.9068861777483,4.83300018310547,1.5781608013158184
477,Zimbabwe,ZWE,2020,30.4,52.7476692199707,45.0939123691353,-6.24874822378281,61.738,0.053899999999999997,3.01417809846838,31.8518518518519,89.0447304947757,5.35099983215332,1.5845617435453188
