Topic,,,Environment,Environment,Governance,Governance,Social,Social,Social,Social
Indicator Name,,,pop_denst,fore_area,gdp_grow,rate_labor,acce_electr,life_exp,unemp_rate,acce_fuel_tech
Region,Country Name,Year,,,,,,,,
Africa,"Congo, Dem. Rep.",2000,20.7784698176044,63.4741183476324,-6.91092731652101,96.8811582643694,6.69999980926514,50.041,2.90400004386902,1.0
Africa,"Congo, Dem. Rep.",2001,21.3619170287378,63.1772567874551,-2.10017302488846,96.7245672518216,7.31436443328857,50.667,2.88800001144409,1.2
Africa,"Congo, Dem. Rep.",2002,21.9984870205774,62.8803952272777,2.94776518359767,96.6172666749281,7.91584491729736,51.385,2.87100005149841,1.4
Africa,"Congo, Dem. Rep.",2003,22.6839209545445,62.5835336671004,5.57782231144424,96.5392106215633,8.51208972930908,52.144,2.85999989509583,1.6
Africa,"Congo, Dem. Rep.",2004,23.4087774861604,62.2866721069231,6.73837393324294,96.4889530137629,9.10544872283936,52.917,2.8529999256134,1.9
Africa,"Congo, Dem. Rep.",2005,24.166160428751,61.9898105467458,6.13515115548972,96.4651380598464,6.0,53.675,2.84999990463257,2.1
Africa,"Congo, Dem. Rep.",2006,24.9566820317152,61.6929489865685,5.32097956548998,95.6038096158406,10.2929649353027,54.401,3.08299994468689,2.4
Africa,"Congo, Dem. Rep.",2007,25.7840307889107,61.3960874263911,6.25947776437397,94.7010065158365,15.1999998092651,55.091,3.31299996376038,2.7
Africa,"Congo, Dem. Rep.",2008,26.6474912331003,61.0992258662138,6.22589426869193,93.7595340980291,11.4986276626587,55.743,3.54699993133545,2.9
Africa,"Congo, Dem. Rep.",2009,27.5461820427428,60.8023643060365,2.85506401011484,92.7768447865109,12.1150150299072,56.35,3.79299998283386,3.1
Africa,"Congo, Dem. Rep.",2010,28.4792364526587,60.5055027458592,7.10797657581392,91.7557311361755,12.7440509796143,56.909,4.01399993896484,3.2
Africa,"Congo, Dem. Rep.",2011,29.4458221036148,60.0196837299574,6.8746708900163,90.6962804261376,13.3884449005127,57.427,4.2519998550415,3.5
Africa,"Congo, Dem. Rep.",2012,30.445181623696,59.5338647140557,7.08689894671942,89.5972871173207,15.3999996185303,57.914,4.48999977111816,3.5
Africa,"Congo, Dem. Rep.",2013,31.4765020621513,59.048045698154,8.48195663608755,89.5306670220055,14.7332000732422,58.381,4.47599983215332,3.7
Africa,"Congo, Dem. Rep.",2014,32.5389581173772,58.5622266822523,9.47028809714084,89.5290783143082,13.5,58.828,4.46400022506714,3.8
Africa,"Congo, Dem. Rep.",2015,33.6316058313668,58.0764076663505,6.91616712035345,89.597985037638,16.1482429504395,59.254,4.46600008010864,3.7
Africa,"Congo, Dem. Rep.",2016,34.7540327738691,57.5905868860413,2.39939891413687,89.596545591156,17.0418376922607,59.655,4.47700023651123,3.7
Africa,"Congo, Dem. Rep.",2017,35.9051476588518,57.1047705167508,3.72694765333267,89.6934482947873,17.9165096282959,60.026,4.46500015258789,3.8
Africa,"Congo, Dem. Rep.",2018,37.0825927968064,56.6189497364416,5.82112109989339,89.8786445071286,18.5682907104492,60.368,4.45100021362305,3.6
Africa,"Congo, Dem. Rep.",2019,38.2834820581813,56.1331289561324,4.38452888103882,90.1380277649383,19.1000003814697,60.681,4.45100021362305,3.75
Africa,"Congo, Dem. Rep.",2020,39.5057030061093,55.6473125868419,1.7354227636007,88.4185710691881,19.1000003814697,60.971,5.26599979400635,3.7
Africa,"Egypt, Arab Rep.",2000,69.1461761012607,0.0594806368978854,6.37000383423162,28.4585755298328,97.6999969482422,68.602,8.97999954223633,83.5
Africa,"Egypt, Arab Rep.",2001,70.4733155859159,0.060126575920438,3.53525196931786,29.3922430760229,97.3440780639648,68.796,9.26000022888184,86.7
Africa,"Egypt, Arab Rep.",2002,71.8117876337335,0.0607725149429906,2.39020402784614,26.8134011357672,97.5361785888672,68.961,10.0100002288818,89.4
Africa,"Egypt, Arab Rep.",2003,73.1589753377869,0.0614184539655432,3.19345473897896,27.4365898501515,98.8000030517578,69.116,11.0100002288818,92.0
Africa,"Egypt, Arab Rep.",2004,74.5110984981667,0.0620643929880958,4.0920716120453,28.0747833154054,97.9070281982422,69.271,10.3199996948242,93.85
Africa,"Egypt, Arab Rep.",2005,75.8687789441961,0.0627103320106484,4.47174446860463,28.728208110353,99.4000015258789,69.434,11.1999998092651,95.5
Africa,"Egypt, Arab Rep.",2006,77.2250439499724,0.0633562710332011,6.84383819698924,29.3970182041638,99.0400009155273,69.608,10.4899997711182,96.7
Africa,"Egypt, Arab Rep.",2007,78.5897071676126,0.0640022100557537,7.08782742739524,32.3017450035075,98.4656295776367,69.788,8.80000019073486,97.6
Africa,"Egypt, Arab Rep.",2008,80.0000813702346,0.0646481490783063,7.15628356351688,30.0251666086468,99.8000030517578,69.971,8.52000045776367,98.2
Africa,"Egypt, Arab Rep.",2009,81.5056396604551,0.0652940881008589,4.67359980040543,31.5545056952632,98.8697128295898,70.159,9.09000015258789,98.8
Africa,"Egypt, Arab Rep.",2010,83.1395288562962,0.0659400271234115,5.14723485873294,30.7962503399252,99.3945541381836,70.349,8.76000022888184,99.1
Africa,"Egypt, Arab Rep.",2011,84.9156170576121,0.0624802852981064,1.76457194925801,30.1156905756858,99.4521636962891,70.543,11.8500003814697,99.4
Africa,"Egypt, Arab Rep.",2012,86.8172585262946,0.0590205434728013,2.22619979662137,30.3146419842375,99.6999969482422,70.736,12.6000003814697,99.55
Africa,"Egypt, Arab Rep.",2013,88.8087317293686,0.0555608016474961,2.18546605471226,31.2520355171038,99.8503875732422,70.928,13.1499996185303,99.7
Africa,"Egypt, Arab Rep.",2014,90.8379808126978,0.052101059822191,2.91591187883586,31.7896578041045,99.8000030517578,71.117,13.1000003814697,99.8
Africa,"Egypt, Arab Rep.",2015,92.8650851373751,0.0486413179968858,4.37201907940117,32.1512982821087,99.3000030517578,71.302,13.0500001907349,99.8
Africa,"Egypt, Arab Rep.",2016,94.8787694007735,0.0451855944547692,4.34664345337812,32.997947170074,100.0,71.482,12.4099998474121,99.8
Africa,"Egypt, Arab Rep.",2017,96.8834095132854,0.0451855944547692,4.18122100091018,32.8696938813099,100.0,71.656,11.7399997711182,99.9
Africa,"Egypt, Arab Rep.",2018,98.8734763172435,0.0451855944547692,5.31412103746398,27.1091224976609,100.0,71.825,9.81999969482422,99.9
Africa,"Egypt, Arab Rep.",2019,100.846929529359,0.0451855944547692,5.55768388791593,23.2177785318814,100.0,71.99,7.84000015258789,99.9
Africa,"Egypt, Arab Rep.",2020,102.802152795218,0.0451855944547692,3.5696694750486,23.0286838488384,100.0,72.15,9.16699981689453,99.9
Africa,South Africa,2000,37.0687360377218,14.6552110725503,4.20000000067826,68.0219037302322,72.2824630737305,56.048,29.8799991607666,55.9
Africa,South Africa,2001,37.5662745550619,14.6252050548599,2.70000000019104,68.940334388338,70.1999969482422,55.089,30.6900005340576,57.8
Africa,South Africa,2002,38.0440964808877,14.5951990371695,3.70037440406668,69.9407917079871,76.6999969482422,54.31,33.2900009155273,60.0
Africa,South Africa,2003,38.5125613103727,14.5651930194792,2.94907546754213,70.9838119578705,78.8000030517578,53.749,32.310001373291,62.1
Africa,South Africa,2004,38.9844199523531,14.5351870017888,4.55455990721774,71.9810431741406,80.9000015258789,53.444,29.4500007629395,64.4
Africa,South Africa,2005,39.4699445218409,14.5051809840985,5.27705197295467,72.8663624206253,80.8000030517578,53.447,29.1200008392334,66.8
Africa,South Africa,2006,39.9718602906627,14.4751749664081,5.60380645895889,73.5273253225003,80.6999969482422,53.795,28.3400001525879,69.0
Africa,South Africa,2007,40.4914441632525,14.4451689487177,5.36047405394162,74.0463553418373,82.0,54.452,26.5400009155273,71.4
Africa,South Africa,2008,41.0352669628799,14.4151629310274,3.1910438863288,74.4367963483125,81.9000015258789,55.36,22.4099998474121,73.5
Africa,South Africa,2009,41.6102787097412,14.385156913337,-1.53808913525583,74.1824932329637,82.5999984741211,56.46,23.5200004577637,75.4
Africa,South Africa,2010,42.2202532375998,14.3551508956467,3.03973288127956,73.7120998591716,82.9000015258789,57.669,24.6800003051758,77.1
Africa,South Africa,2011,42.8688382560239,14.3251448779563,3.16855627858818,75.1623177350553,83.5999984741211,58.895,24.6399993896484,78.8
Africa,South Africa,2012,43.5521346313959,14.2951388602659,2.39623238465745,74.8804899588771,85.3000030517578,60.06,24.7299995422363,80.2
Africa,South Africa,2013,44.2565061124896,14.2651328425756,2.48546800826588,76.2759267519034,85.1999969482422,61.099,24.5599994659424,81.5
Africa,South Africa,2014,44.9630151101732,14.2351268248852,1.41382645223793,76.3613583588409,85.9000015258789,61.968,24.8899993896484,82.65
Africa,South Africa,2015,45.657262857661,14.2051208071948,1.32186223678229,76.7891989523979,85.3000030517578,62.649,25.1499996185303,83.4
Africa,South Africa,2016,46.3342777535055,14.1751147895045,0.664552307858116,76.5218649825235,83.9000015258789,63.153,26.5400009155273,84.4
Africa,South Africa,2017,46.9954834348647,14.1451087718141,1.15794695181735,77.4333733831436,84.4000015258789,63.538,27.0400009155273,85.2
Africa,South Africa,2018,47.640752128861,14.1151027541238,1.48761737271568,77.657899812107,84.6999969482422,63.857,26.9099998474121,85.7
Africa,South Africa,2019,48.2719888878814,14.0850967364334,0.113053696742199,77.6079960230803,85.0,64.131,28.4699993133545,86.3
Africa,South Africa,2020,48.8905934431905,14.055090718743,-6.43197482605483,76.7397253117594,84.3855361938477,64.379,29.2199993133545,86.8
Asia,China,2000,133.971903614969,18.7804969919467,8.49009340575191,85.0862063648826,97.0217971801758,71.397,3.25999999046326,42.0
Asia,China,2001,134.948589664422,19.031006736957,8.3357334781433,84.7490867557301,97.2727890014648,71.732,3.79999995231628,42.3
Asia,China,2002,135.855780324981,19.2815168805051,9.13363078993316,84.408887315658,97.5162048339844,72.061,4.23999977111816,43.1
Asia,China,2003,136.70462094405,19.5320280602681,10.038030481108,84.0643744669446,97.7543792724609,72.381,4.57999992370605,43.4
Asia,China,2004,137.51895882527,19.7825365378985,10.1136213780461,83.7151670090734,97.9896697998047,72.689,4.48999977111816,44.9
Asia,China,2005,138.330135459593,20.0330481613855,11.3945918097286,83.3612510627153,98.2244262695313,72.985,4.51999998092651,46.3
Asia,China,2006,139.104692987575,20.2835578851316,12.7209556651735,83.0047318499294,98.461051940918,73.271,4.42999982833862,47.7
Asia,China,2007,139.83309813575,20.5340680339958,14.2308609330803,82.643117296241,98.7022018432617,73.553,4.34999990463257,49.4
Asia,China,2008,140.551423387482,20.7845781828599,9.65067891955702,82.2784816232794,98.9505767822266,73.835,4.59000015258789,51.1
Asia,China,2009,141.252233956931,21.0350872157688,9.39872563237978,81.910642850317,99.2089004516602,74.119,4.71999979019165,53.5
Asia,China,2010,141.936072304132,21.2855968996448,10.6358710646812,81.5373006160281,99.6999969482422,74.409,4.53000020980835,55.6
Asia,China,2011,142.713812806516,21.49109623203,9.55083217886229,81.7441221031477,99.8487243652344,74.708,4.55000019073486,58.0
Asia,China,2012,143.685196418276,21.6965960161134,7.86373644866194,81.9469830216271,99.9619293212891,75.013,4.57000017166138,60.7
Asia,China,2013,144.645432953933,21.9020948706353,7.766150097539,82.1799369732358,99.9964447021484,75.321,4.59000015258789,63.2
Asia,China,2014,145.5600507997,22.1075946459969,7.42576365645755,82.4316652928031,100.0,75.629,4.6100001335144,66.0
Asia,China,2015,146.408882513774,22.3130941846073,7.04132887865481,82.6958614309905,100.0,75.928,4.63000011444092,68.4
Asia,China,2016,147.25030254277,22.5428773041647,6.84876220503246,82.9766369300248,100.0,76.21,4.53000020980835,70.6
Asia,China,2017,148.144225437905,22.7423102916965,6.94720079327288,83.28771780074,100.0,76.47,4.44000005722046,73.2
Asia,China,2018,148.838644027707,22.9417353835101,6.74977383247717,83.6201764878138,100.0,76.704,4.28000020980835,75.6
Asia,China,2019,149.367573167744,23.1411655427356,5.94971423273162,83.9481461800988,100.0,76.912,4.51999998092651,77.6
Asia,China,2020,149.705447160568,23.3405957019611,2.3475135727457,83.0106080034161,100.0,77.097,5.0,79.4
Asia,India,2000,355.367651579617,22.7334950003195,3.84099115681285,37.0604105990284,58.7214736938477,62.505,5.56099987030029,22.3
Asia,India,2001,361.564546497197,22.7975675957473,4.82396626390641,37.4379494424524,55.7999992370605,62.907,5.57600021362305,23.4
Asia,India,2002,367.725300771226,22.8616401911751,3.8039753213758,37.8154326276808,62.2999992370605,63.304,5.53000020980835,24.7
Asia,India,2003,373.848676337536,22.9257127866029,7.86038147553259,38.1969629981905,64.0474853515625,63.699,5.64300012588501,25.9
Asia,India,2004,379.936521379394,22.9897853820307,7.92293661286503,38.579560652707,64.4000015258789,64.095,5.62900018692017,27.3
Asia,India,2005,385.986070180513,23.0538579774586,7.92343062149763,38.9652341539056,67.5798110961914,64.5,5.61299991607666,28.6
Asia,India,2006,391.998591075579,23.1179305728864,8.06073257303272,37.6723407970829,67.9000015258789,64.918,5.60099983215332,29.5
Asia,India,2007,397.959589195443,23.1820031683142,7.66081506504928,36.4042593769867,71.1198654174805,65.35,5.57200002670288,30.55
Asia,India,2008,403.832167469957,23.246075763742,3.08669805953289,35.1598929053389,72.8993835449219,65.794,5.41400003433228,32.0
Asia,India,2009,409.568919914301,23.3101483591698,7.86188883303498,33.9408654605591,75.0,66.244,5.54400014877319,34.0
Asia,India,2010,415.136995281163,23.3742209545976,8.49758470158106,32.7493583471453,76.3000030517578,66.693,5.5460000038147,35.4
Asia,India,2011,420.520699652562,23.4638216864714,5.24131500140663,31.1134525302096,67.5999984741211,67.13,5.42600011825562,37.2
Asia,India,2012,425.731366982938,23.5534224183453,5.45638875297365,29.5308112634909,79.9000015258789,67.545,5.41400003433228,39.6
Asia,India,2013,430.797264554233,23.6430231502191,6.38610640094825,29.2397665570464,81.9993286132813,67.931,5.42399978637695,41.6
Asia,India,2014,435.761175034223,23.732623882093,7.41022760508854,28.9555009838524,83.8724975585938,68.286,5.43599987030029,44.8
Asia,India,2015,440.655454915428,23.8222246139668,7.99625378571471,28.6811294651646,88.0,68.607,5.43499994277954,48.2
Asia,India,2016,445.486918091343,23.9118253458407,8.25630550179086,28.4153367086289,89.2177963256836,68.897,5.4229998588562,51.4
Asia,India,2017,450.24932109956,24.0014260777145,6.79538341897911,28.1563979209184,92.1249465942383,69.165,5.35799980163574,55.8
Asia,India,2018,454.946465917079,24.0910268095884,6.53298901139763,27.9071642409396,95.6999969482422,69.416,5.32999992370605,59.8
Asia,India,2019,459.579695882201,24.1806275414622,4.0415541865323,28.9152844020892,97.3082656860352,69.656,5.26999998092651,63.9
Asia,India,2020,464.149410229417,24.270228273336,-7.25175478178826,26.7935082402427,99.0,69.887,7.99700021743774,67.9
Asia,Japan,2000,347.991769547325,68.2469135802469,2.76464755143648,64.4435121771286,100.0,81.0760975609756,4.75,100.0
Asia,Japan,2001,348.831275720165,68.2716049382716,0.386103426145752,64.9187091484304,100.0,81.4170731707317,5.01999998092651,100.0
Asia,Japan,2002,349.643347050754,68.2962962962963,0.0419624993125609,64.9199205754986,100.0,81.5634146341463,5.3899998664856,100.0
Asia,Japan,2003,350.39231824417,68.320987654321,1.53512549928013,65.0708341507403,100.0,81.76,5.25,100.0
Asia,Japan,2004,350.510288065844,68.3456790123457,2.1861156944216,65.6917666914388,100.0,82.030243902439,4.73000001907349,100.0
Asia,Japan,2005,350.543209876543,68.3703703703704,1.80390087227372,65.9628798586296,100.0,81.9251219512195,4.44999980926514,100.0
Asia,Japan,2006,350.765432098765,68.3950617283951,1.37235012762038,66.2021330375621,100.0,82.3219512195122,4.19000005722046,100.0
Asia,Japan,2007,351.168724279835,68.4197530864198,1.48396941163492,66.2151227642161,100.0,82.5070731707317,3.89000010490417,100.0
Asia,Japan,2008,351.338820301783,68.4444444444444,-1.22428900072828,66.5836150963799,100.0,82.5875609756098,4.0,100.0
Asia,Japan,2009,351.294924554184,68.4691358024691,-5.69323635882266,67.3151740452999,100.0,82.9314634146342,5.07000017166138,100.0
Asia,Japan,2010,351.358024691358,68.4938271604938,4.09791791930137,67.616858513123,100.0,82.8426829268293,5.09999990463257,100.0
Asia,Japan,2011,350.707818930041,68.481755829904,0.0238095237748297,67.655622317007,100.0,82.5912195121951,4.55000019073486,100.0
Asia,Japan,2012,350.148148148148,68.4696844993141,1.37475099920874,67.9714656206508,100.0,83.0960975609756,4.3600001335144,100.0
Asia,Japan,2013,349.643347050754,68.4576131687243,2.0051001767726,69.3614369459362,100.0,83.3319512195122,4.0,100.0
Asia,Japan,2014,349.179698216735,68.4455418381344,0.296205514142628,69.8860631671704,100.0,83.5878048780488,3.59999990463257,100.0
Asia,Japan,2015,348.809327846365,68.4334705075446,1.56062669674904,70.5558354309508,100.0,83.7939024390244,3.40000009536743,100.0
Asia,Japan,2016,348.407437585734,68.4224965706447,0.753826745903538,71.4496923178204,100.0,83.9848780487805,3.09999990463257,100.0
Asia,Japan,2017,347.834834019204,68.4087791495199,1.67533175166503,72.4813442729759,100.0,84.099756097561,2.79999995231628,100.0
Asia,Japan,2018,347.130589849108,68.4087791495199,0.558851275379695,73.736010121895,100.0,84.2109756097561,2.40000009536743,100.0
Asia,Japan,2019,346.405846364883,68.4087791495199,0.270304645083556,74.6507092730735,100.0,84.3563414634146,2.40000009536743,100.0
Asia,Japan,2020,345.229138545953,68.4087791495199,-4.58550828070608,74.5096385561487,100.0,84.6156097560976,2.79999995231628,100.0
Europe,France,2000,111.242094574728,27.9198709929561,3.92366922704063,77.9778485296685,100.0,79.0560975609756,10.2200002670288,100.0
Europe,France,2001,112.054656325162,28.1264210589754,1.98372141863292,77.914353586268,100.0,79.1585365853659,8.60999965667725,100.0
Europe,France,2002,112.872517883656,28.3329711249947,1.13553148214601,77.9634355215034,100.0,79.2609756097561,8.69999980926514,100.0
Europe,France,2003,113.613121432756,28.5238935727102,0.823160756684118,79.7970164906104,100.0,79.1146341463415,8.3100004196167,100.0
Europe,France,2004,114.51548577617,28.7460712570334,2.82975292869891,79.6640862365394,100.0,80.1634146341463,8.90999984741211,100.0
Europe,France,2005,115.384071430006,28.9531500830051,1.66321998030079,80.6457322612305,100.0,80.1634146341463,8.48999977111816,100.0
Europe,France,2006,116.191329852417,29.1597039212356,2.44932360111885,81.0823841640868,100.0,80.8121951219512,8.44999980926514,100.0
Europe,France,2007,116.912443818634,29.3662577594661,2.42473624337305,81.8727263444713,100.0,81.1121951219512,7.65999984741211,100.0
Europe,France,2008,117.567630401949,29.5728115976967,0.254945960124005,82.2471895073386,100.0,81.2146341463415,7.05999994277954,100.0
Europe,France,2009,118.174062243748,29.7793654359272,-2.87331382849631,82.7167037895247,100.0,81.4146341463415,8.73999977111816,100.0
Europe,France,2010,118.759334644612,29.9859192741578,1.94943762312663,82.9464511428934,100.0,81.6634146341463,8.86999988555908,100.0
Europe,France,2011,119.335135885396,30.1382321840466,2.19270063266654,83.2462880456527,100.0,82.1146341463415,8.8100004196167,100.0
Europe,France,2012,119.914116703832,30.2905450939354,0.313134751077172,83.3309063987132,100.0,81.9682926829268,9.39999961853027,100.0
Europe,France,2013,120.532994738447,30.4428580038243,0.576326674771792,84.0045436896186,100.0,82.219512195122,9.92000007629395,100.0
Europe,France,2014,121.105322368265,30.5951709137131,0.956183052371557,84.669368710087,100.0,82.719512195122,10.289999961853,100.0
Europe,France,2015,121.536702115031,30.7474838236019,1.1129123405747,84.7954374373552,100.0,82.3219512195122,10.3500003814697,100.0
Europe,France,2016,121.857823021165,30.8997967334908,1.09546440372048,85.1601493826005,100.0,82.5731707317073,10.0500001907349,100.0
Europe,France,2017,122.211970625889,31.0521096433796,2.29141999417021,84.9786329187634,100.0,82.5756097560976,9.40999984741211,100.0
Europe,France,2018,122.547844334015,31.2044225532684,1.86506607081999,85.4176711166084,100.0,82.6756097560976,9.02000045776367,100.0
Europe,France,2019,122.816302229722,31.3567354631573,1.84297181445896,85.9053644832313,100.0,82.8268292682927,8.40999984741211,100.0
Europe,France,2020,123.055513855179,31.5090483730461,-7.85525603703762,86.0903773365678,100.0,82.1756097560976,8.01000022888184,100.0
Europe,Germany,2000,235.596813297034,32.5376128385155,2.91250296366708,73.2970396077907,100.0,77.9268292682927,7.92000007629395,100.0
Europe,Germany,2001,236.027300085985,32.5580395528805,1.68146848097079,74.4571904361518,100.0,78.3292682926829,7.76999998092651,100.0
Europe,Germany,2002,236.451570830706,32.5775382674999,-0.197973834771361,75.1411492008705,100.0,78.2292682926829,8.47999954223633,100.0
Europe,Germany,2003,236.616427281328,32.5979759754594,-0.700116686114356,76.0903493850236,100.0,78.3804878048781,9.77999973297119,100.0
Europe,Germany,2004,236.592195429653,32.6174843019755,1.17508813160987,76.3517086275534,100.0,78.6804878048781,10.7299995422363,100.0
Europe,Germany,2005,236.464680582636,32.6341897006537,0.731707163554191,77.249581345353,100.0,78.9317073170732,11.1700000762939,100.0
Europe,Germany,2006,236.225197866483,32.653704978206,3.816441912988,78.3773182736343,100.0,79.1317073170732,10.25,100.0
Europe,Germany,2007,235.943361918146,32.6741618148966,2.97645513131597,79.1091384539405,100.0,79.5341463414634,8.65999984741211,100.0
Europe,Germany,2008,235.522178240542,32.6936867165763,0.95987913356484,79.2030967989484,100.0,79.7365853658537,7.51999998092651,100.0
Europe,Germany,2009,234.939637417171,32.7113393190098,-5.69383633640285,79.9513686448695,100.0,79.8365853658537,7.73999977111816,100.0
Europe,Germany,2010,234.606908225034,32.7308718478354,4.17988249873657,80.3091819002929,100.0,79.9878048780488,6.96999979019165,100.0
Europe,Germany,2011,230.304633348634,32.7375487720909,3.92519270463411,81.1699471863195,100.0,80.4365853658537,5.82000017166138,100.0
Europe,Germany,2012,230.750625466231,32.7451655477133,0.418497594217598,81.3210292361554,100.0,80.5390243902439,5.38000011444092,100.0
Europe,Germany,2013,231.155712565925,32.7189864709929,0.437591303144671,82.1896939132229,100.0,80.490243902439,5.23000001907349,100.0
Europe,Germany,2014,232.108053883634,32.7228432215535,2.20954343134872,82.5854899088588,100.0,81.090243902439,4.98000001907349,100.0
Europe,Germany,2015,234.152986871524,32.7323281545606,1.49193152760772,83.0585975277656,100.0,80.6414634146341,4.61999988555908,100.0
Europe,Germany,2016,235.712929356538,32.685482024273,2.22999986782015,83.5933594081162,100.0,80.990243902439,4.11999988555908,100.0
Europe,Germany,2017,236.588722557747,32.6845464693591,2.68023111405891,83.8184145988953,100.0,80.9926829268293,3.75,100.0
Europe,Germany,2018,237.294012250272,32.6836109680005,1.08602451412267,83.7693849459793,100.0,80.8926829268293,3.38000011444092,100.0
Europe,Germany,2019,237.829761291431,32.6836109680005,1.05550824713283,83.8961655439241,100.0,81.2926829268293,3.14000010490417,100.0
Europe,Germany,2020,238.024131318335,32.6836109680005,-4.56961671737398,85.4192973687762,100.0,80.9414634146342,3.80999994277954,100.0
Europe,Italy,2000,193.608201013226,28.4561898609364,3.78695514323979,57.8655614950117,100.0,79.7780487804878,10.8400001525879,100.0
Europe,Italy,2001,193.716976641393,28.6801842847914,1.95137155605238,58.9900519423292,100.0,80.1268292682927,9.60000038146973,100.0
Europe,Italy,2002,194.005667947367,28.9041787086464,0.253942998968455,59.5461619177954,100.0,80.2292682926829,9.21000003814697,100.0
Europe,Italy,2003,194.850081593799,29.1252022846264,0.138626890776507,60.0897796777884,100.0,79.9829268292683,8.86999988555908,100.0
Europe,Italy,2004,196.115207044265,29.3491738627864,1.42359415817907,62.116801728382,100.0,80.7804878048781,7.86999988555908,100.0
Europe,Italy,2005,197.081267423676,29.5731454409465,0.817848973650598,62.3286193400258,100.0,80.7829268292683,7.73000001907349,100.0
Europe,Italy,2006,197.674505337594,29.7971170191066,1.79063968081796,62.7709754740895,100.0,81.2829268292683,6.78000020980835,100.0
Europe,Italy,2007,198.675154688244,30.0210885972666,1.48707298036786,62.7729594465659,100.0,81.4341463414634,6.07999992370605,100.0
Europe,Italy,2008,199.995685727885,30.2450601754267,-0.962012840579291,64.0350311050093,100.0,81.4853658536585,6.71999979019165,100.0
Europe,Italy,2009,200.908971918134,30.4690317535867,-5.2809372082931,64.1767736844075,100.0,81.6365853658537,7.75,100.0
Europe,Italy,2010,201.527901679472,30.6930033317468,1.71329583916922,64.6067744192449,100.0,82.0365853658537,8.35999965667725,100.0
Europe,Italy,2011,201.874784116407,30.8759366288162,0.707333347034435,65.3953585164067,100.0,82.1878048780488,8.35999965667725,100.0
Europe,Italy,2012,202.419653906303,31.0588699258856,-2.98090576823772,67.0328748542273,100.0,82.2390243902439,10.6499996185303,100.0
Europe,Italy,2013,204.779859930645,31.2418032229551,-1.84106545088248,67.6564362702304,100.0,82.690243902439,12.1499996185303,100.0
Europe,Italy,2014,206.667369279935,31.4247365200245,-0.0045475423638379,68.3484583334605,100.0,83.090243902439,12.6800003051758,100.0
Europe,Italy,2015,206.468287210172,31.6076698170939,0.778304350716581,67.5449457252568,100.0,82.5439024390244,11.8999996185303,100.0
Europe,Italy,2016,206.117828245053,31.7906099136466,1.29346273155907,68.2708680240048,100.0,83.2439024390244,11.6899995803833,100.0
Europe,Italy,2017,205.809169103148,31.9735500101992,1.66785904106857,68.9694122497512,100.0,82.9463414634147,11.210000038147,100.0
Europe,Italy,2018,202.941457024821,31.7687502099217,0.925810941012742,69.2031855699771,100.0,83.3463414634146,10.6099996566772,100.0
Europe,Italy,2019,200.614922916737,31.9494844322037,0.410278293983012,69.7432229106494,100.0,83.4975609756098,9.94999980926514,100.0
Europe,Italy,2020,199.675971517818,32.1302186544856,-8.93859250023444,68.9273368139477,100.0,82.3439024390244,9.15999984741211,100.0
Europe,Russian Federation,2000,8.94901570933758,49.4018499097143,10.000066815788,79.0720898904833,100.0,65.4836585365854,10.5799999237061,99.9
Europe,Russian Federation,2001,8.91163375342787,49.4403819433422,5.10005122527505,79.0587515320608,100.0,65.3834146341463,8.97999954223633,99.9
Europe,Russian Federation,2002,8.87046146313948,49.4746894866839,4.69999190873524,80.5183298123665,100.0,65.1287804878049,7.88000011444092,99.8
Europe,Russian Federation,2003,8.83027865243716,49.5103852150482,7.29995234453868,80.7119968716471,100.0,65.0275609756098,8.21000003814697,99.7
Europe,Russian Federation,2004,8.79465803239439,49.5454456106165,7.19994786994475,81.0517902274475,100.0,65.4709756097561,7.76000022888184,99.6
Europe,Russian Federation,2005,8.76108889416588,49.5807773333032,6.39996544785382,81.4136816182364,100.0,65.529756097561,7.11999988555908,99.4
Europe,Russian Federation,2006,8.73439418381291,49.6276507015009,8.200068255056,81.8039810393724,100.0,66.7275609756098,7.05999994277954,99.0
Europe,Russian Federation,2007,8.71946397976766,49.6634743255174,8.49997776846357,81.3487357948168,100.0,67.5868292682927,6.0,98.7
Europe,Russian Federation,2008,8.71609568861449,49.7019381603444,5.19996926498843,80.0291193850132,100.0,67.9492682926829,6.21000003814697,98.2
Europe,Russian Federation,2009,8.71872030491785,49.7377636874446,-7.79999391343111,80.3319011883189,100.0,68.6846341463415,8.30000019073486,97.7
Europe,Russian Federation,2010,8.72263552192818,49.7735892145447,4.50000000003065,79.4992180114926,100.0,68.8412195121951,7.36999988555908,97.0
Europe,Russian Federation,2011,8.72944024102286,49.7710839739218,4.3000291857941,79.5605933949236,100.0,69.6839024390244,6.53999996185303,96.1
Europe,Russian Federation,2012,8.74414469920076,49.7685787332989,4.02408615720979,79.3624293536058,100.0,70.0721951219512,5.44000005722046,95.3
Europe,Russian Federation,2013,8.76278525750037,49.766073492676,1.75542214909368,78.7324206187167,100.0,70.5787804878049,5.46000003814697,94.4
Europe,Russian Federation,2014,8.7818775504721,49.763568252053,0.736267221415574,78.4077573619081,100.0,70.7436585365854,5.15999984741211,93.5
Europe,Russian Federation,2015,8.79880404497318,49.7610630114301,-1.97271922637542,77.891948766827,95.5,71.1834146341463,5.57000017166138,92.3
Europe,Russian Federation,2016,8.81379634814223,49.7726995451512,0.193690071729534,77.8641263126409,100.0,71.6512195121951,5.55999994277954,91.2
Europe,Russian Federation,2017,8.8232207375402,49.7843360788722,1.82579006355112,78.0074819330267,100.0,72.4514634146342,5.21000003814697,90.3
Europe,Russian Federation,2018,8.82206789209416,49.7843360788722,2.80724541049418,78.3228659671164,100.0,72.6621951219512,4.84999990463257,89.2
Europe,Russian Federation,2019,8.81769599441163,49.7843360788722,2.03298273919678,78.3984110789773,100.0,73.0839024390244,4.5,87.8
Europe,Russian Federation,2020,8.79924430004024,49.7843360788722,-2.95127389914892,78.6867204176269,100.0,71.3387804878049,5.59000015258789,86.3
Europe,United Kingdom,2000,243.427908899268,12.2101434299177,3.6723691050331,77.1716244404849,100.0,77.7414634146342,5.55999994277954,100.0
Europe,United Kingdom,2001,244.366854048692,12.2535444136734,2.07265627894577,77.735141261028,100.0,77.9926829268293,4.69999980926514,100.0
Europe,United Kingdom,2002,245.40354234696,12.296945397429,2.12322277320661,78.6865200769125,100.0,78.1439024390244,5.03999996185303,100.0
Europe,United Kingdom,2003,246.548906708552,12.3403463811846,3.02988992743832,78.2744660020434,100.0,78.4463414634146,4.80999994277954,100.0
Europe,United Kingdom,2004,247.955627660894,12.3837473649403,2.35562976182804,79.2628731449068,100.0,78.7463414634146,4.59000015258789,100.0
Europe,United Kingdom,2005,249.663977183483,12.4271483486959,2.59328001020944,79.5970590189406,100.0,79.0487804878049,4.75,100.0
Europe,United Kingdom,2006,251.50589013351,12.4705493324515,2.58410467657816,79.9605171031615,100.0,79.2487804878049,5.34999990463257,100.0
Europe,United Kingdom,2007,253.471925763651,12.5139503162072,2.26948687466346,79.7964776624506,100.0,79.4487804878049,5.26000022888184,100.0
Europe,United Kingdom,2008,255.474703426611,12.5573512999628,-0.239638084998987,79.9922782280933,100.0,79.6,5.61999988555908,100.0
Europe,United Kingdom,2009,257.414417393461,12.6007522837184,-4.24735626579708,80.9668734159986,100.0,80.0512195121951,7.53999996185303,100.0
Europe,United Kingdom,2010,259.440189310958,12.6441532674741,2.13143819777204,81.2605980707253,100.0,80.4024390243902,7.78999996185303,100.0
Europe,United Kingdom,2011,261.475674781962,12.7235150663415,1.4575633909042,81.697782169151,100.0,80.9512195121951,8.03999996185303,100.0
Europe,United Kingdom,2012,263.300190137643,12.8028768652089,1.46988752075868,81.9072932500764,100.0,80.9048780487805,7.88000011444092,100.0
Europe,United Kingdom,2013,265.069536642831,12.8822386640764,1.8900183424514,82.5368015440769,100.0,81.0048780487805,7.51999998092651,100.0
Europe,United Kingdom,2014,267.028884388046,12.9616004629438,2.99116481375781,83.1095939630293,100.0,81.3048780487805,6.1100001335144,100.0
Europe,United Kingdom,2015,269.153139337825,13.0409622618113,2.62259667901294,83.4310619054211,100.0,80.9560975609756,5.30000019073486,100.0
Europe,United Kingdom,2016,271.200731616583,13.0574959699087,2.26346353784494,83.7801990384157,100.0,81.1560975609756,4.80999994277954,100.0
Europe,United Kingdom,2017,273.049472988054,13.0781631050304,2.13445309331686,84.6739940154246,100.0,81.2560975609756,4.32999992370605,100.0
Europe,United Kingdom,2018,274.708981936924,13.1153639482495,1.65092549602133,84.901602077937,100.0,81.2560975609756,4.0,100.0
Europe,United Kingdom,2019,276.263080229819,13.1525647914686,1.67194419724758,85.7551502779942,100.0,81.2048780487805,3.74000000953674,100.0
Europe,United Kingdom,2020,277.829508535527,13.1856322076634,-9.39616000598907,87.2561841578232,100.0,80.9024390243903,4.47200012207031,100.0
North America,Canada,2000,3.42261133957721,38.7929818338782,4.91776274356224,82.1012893704058,100.0,79.1365853658537,6.82999992370605,100.0
North America,Canada,2001,3.45999560542028,38.7876307080739,1.40552758872816,82.6761307498078,100.0,79.3390243902439,7.21999979019165,100.0
North America,Canada,2002,3.49782657917661,38.7822795822695,3.42214617132493,83.4269251680875,100.0,79.490243902439,7.65999984741211,100.0
North America,Canada,2003,3.52949755676983,38.7769284564652,3.81109015282463,84.3081697933597,100.0,79.7414634146342,7.57000017166138,100.0
North America,Canada,2004,3.56258260750269,38.7715773306609,3.91402878219242,84.7216755243026,100.0,79.8926829268293,7.19000005722046,100.0
North America,Canada,2005,3.5963894177628,38.7662262048566,4.99586086930171,84.6985499779493,100.0,80.1926829268293,6.76000022888184,100.0
North America,Canada,2006,3.63290915600646,38.7608750790522,4.16581762720676,85.5641611300281,100.0,80.3439024390244,6.32000017166138,100.0
North America,Canada,2007,3.66836147983568,38.7555239532479,6.86860885703047,86.1726189198889,100.0,80.5439024390244,6.03999996185303,100.0
North America,Canada,2008,3.70830229800827,38.7501728274436,1.00762269545756,86.0034413841658,100.0,80.6951219512195,6.1399998664856,100.0
North America,Canada,2009,3.75088477166589,38.7448217016393,-2.92840016684549,86.8162232678328,100.0,80.9951219512195,8.34000015258789,100.0
North America,Canada,2010,3.79282222363503,38.7394705758349,3.08949461982786,87.2133139226342,100.0,81.2463414634146,8.0600004196167,100.0
North America,Canada,2011,3.83012473244929,38.7348640747569,3.14688137207058,87.059677833691,100.0,81.4487804878049,7.51000022888184,100.0
North America,Canada,2012,3.87193949310642,38.7302575736789,1.76222254945881,87.4820398729058,100.0,81.6487804878049,7.28999996185303,100.0
North America,Canada,2013,3.91306695934121,38.7256510726009,2.3291225062102,87.7234564887153,100.0,81.7487804878049,7.07000017166138,100.0
North America,Canada,2014,3.9526049038602,38.7210445715229,2.87003607545671,87.22967287734,100.0,81.8,6.90999984741211,100.0
North America,Canada,2015,3.98221511356196,38.7164380704449,0.659176863558869,86.7136965351251,100.0,81.9,6.90999984741211,100.0
North America,Canada,2016,4.02756394169263,38.7120133755838,1.00139441390405,87.2064916845893,100.0,81.9,7.0,100.0
North America,Canada,2017,4.07616632034255,38.7078876013737,3.03988022528195,87.6284492313788,100.0,81.9,6.34000015258789,100.0
North America,Canada,2018,4.1341488959455,38.7037629425392,2.77704055379553,88.0250433280405,100.0,82.0487804878049,5.82999992370605,100.0
North America,Canada,2019,4.19394931064213,38.6996371683291,1.87959202770178,87.6606768307749,100.0,82.0487804878049,5.65999984741211,100.0
North America,Canada,2020,4.24257678524224,38.6955125094946,-5.23302430280606,86.6996901450935,100.0,81.7487804878049,9.46000003814697,100.0
North America,United States,2000,30.7973013298523,33.1301735880689,4.12748401690885,80.2766346823617,100.0,76.6365853658537,3.99000000953674,100.0
North America,United States,2001,31.1036283879362,33.1867556145437,0.998340791805987,80.4663638101358,100.0,76.8365853658537,4.73000001907349,100.0
North America,United States,2002,31.3935499327652,33.2433376410185,1.74169525130476,80.6135385299419,100.0,76.9365853658537,5.78000020980835,100.0
North America,United States,2003,31.6645346171981,33.2999196674933,2.8612107683238,81.1277921506575,100.0,77.0365853658537,5.98999977111816,100.0
North America,United States,2004,31.9589450682826,33.3565016939681,3.79889112471299,80.8647102378837,100.0,77.4878048780488,5.53000020980835,100.0
North America,United States,2005,32.2548765979183,33.4130837204429,3.5132137994521,81.0263381779097,100.0,77.4878048780488,5.07999992370605,100.0
North America,United States,2006,32.5673998463204,33.4696657469177,2.85497229363445,81.0149739027536,100.0,77.6878048780488,4.61999988555908,100.0
North America,United States,2007,32.8786113609374,33.5262477733925,1.87617145415626,81.2014837186755,100.0,77.9878048780488,4.61999988555908,100.0
North America,United States,2008,33.2436868537795,33.6360635020585,-0.136579803249504,81.7296951864752,100.0,78.0390243902439,5.78000020980835,100.0
North America,United States,2009,33.5363992251367,33.6927352193296,-2.53675706714202,82.5009965737745,100.0,78.390243902439,9.25,100.0
North America,United States,2010,33.8157800778799,33.7494069366007,2.5637665603995,82.5690562820423,100.0,78.5414634146342,9.63000011444092,100.0
North America,United States,2011,34.0624439459432,33.7794700582241,1.55083550470843,82.6205065222129,100.0,78.6414634146341,8.94999980926514,100.0
North America,United States,2012,34.3132448275033,33.8095331798474,2.24954585238848,82.3927263386787,100.0,78.7414634146342,8.06999969482422,100.0
North America,United States,2013,34.5518131888554,33.8395963014708,1.84208107064158,82.2068790625547,100.0,78.7414634146342,7.36999988555908,100.0
North America,United States,2014,34.8061342979769,33.8696594230942,2.52597344637341,82.4787841162674,100.0,78.8414634146341,6.17000007629395,100.0
North America,United States,2015,35.0633286762825,33.8997225447175,3.0755146497898,82.2562756840623,100.0,78.690243902439,5.28000020980835,100.0
North America,United States,2016,35.3183471405052,33.8997225447175,1.71142677366849,82.2557194096943,100.0,78.5390243902439,4.86999988555908,100.0
North America,United States,2017,35.5424948236771,33.8669264120375,2.33267939548638,82.7427730470309,100.0,78.5390243902439,4.3600001335144,100.0
North America,United States,2018,35.7300964643583,33.8669264120375,2.99646435222829,82.8208287795206,100.0,78.6390243902439,3.90000009536743,100.0
North America,United States,2019,35.8931756713915,33.8669264120375,2.16117651518969,83.206167405427,100.0,78.7878048780488,3.67000007629395,100.0
North America,United States,2020,36.2398446775156,33.8669264120375,-3.40459157333871,83.209395454707,100.0,77.2804878048781,8.05000019073486,100.0
Oceania,Australia,2000,2.49313356677037,17.1581557606446,3.91242773271188,75.6146672150405,100.0,79.2341463414634,6.28000020980835,100.0
Oceania,Australia,2001,2.52697759785481,17.1286333519909,2.0383007317353,76.6065928946678,100.0,79.6341463414634,6.73999977111816,100.0
Oceania,Australia,2002,2.55800997097223,17.0991109433373,4.01452665375521,76.9463497956815,100.0,79.9365853658537,6.36999988555908,100.0
Oceania,Australia,2003,2.58977129245148,17.0695885346836,3.11032510902798,78.1521891902074,100.0,80.2390243902439,5.92999982833862,100.0
Oceania,Australia,2004,2.61997058172683,17.04006612603,4.20544688686265,77.8763637303257,100.0,80.490243902439,5.3899998664856,100.0
Oceania,Australia,2005,2.65477786600367,17.0105437173763,3.16033832510615,79.0268553402899,100.0,80.8414634146341,5.03000020980835,100.0
Oceania,Australia,2006,2.69423219608711,16.9810213087226,2.72689344585038,79.6237597622582,100.0,81.0414634146342,4.78000020980835,100.0
Oceania,Australia,2007,2.71111516082423,16.951498900069,3.7684875158189,80.0850143963256,100.0,81.2926829268293,4.38000011444092,100.0
Oceania,Australia,2008,2.76599455892116,16.9219764914153,3.57701487814776,80.6251102673141,100.0,81.3951219512195,4.23000001907349,100.0
Oceania,Australia,2009,2.82359449643987,16.8924540827617,1.8668320701176,81.2587365472881,100.0,81.5439024390244,5.55999994277954,100.0
Oceania,Australia,2010,2.86785858401781,16.862931674108,2.17233709101625,80.9971625468851,100.0,81.6951219512195,5.21000003814697,100.0
Oceania,Australia,2011,2.90798641031983,16.9553102586465,2.46974629381731,81.5574963702294,100.0,81.8951219512195,5.07999992370605,100.0
Oceania,Australia,2012,2.95920036968095,17.047688843185,3.91736246328504,81.9323278322217,100.0,82.0463414634146,5.21999979019165,100.0
Oceania,Australia,2013,3.01057352615753,17.1400674277235,2.60021188065653,82.1954684944621,100.0,82.1487804878049,5.65999984741211,100.0
Oceania,Australia,2014,3.05581479504836,17.232446012262,2.56293152083389,82.6643723750619,100.0,82.3,6.07999992370605,100.0
Oceania,Australia,2015,3.10011259648803,17.3248245968004,2.17220475337416,83.1484829371095,100.0,82.4,6.05000019073486,100.0
Oceania,Australia,2016,3.14493553058884,17.4254877132405,2.74164306864724,84.0514207230873,100.0,82.4487804878049,5.71000003814697,100.0
Oceania,Australia,2017,3.19836141871706,17.4229136169693,2.29592694694063,84.6660105721004,100.0,82.5,5.59000015258789,100.0
Oceania,Australia,2018,3.24787091037205,17.4213145571644,2.87097248021668,85.2441495619991,100.0,82.7487804878049,5.30000019073486,100.0
Oceania,Australia,2019,3.29767018286484,17.4213145571644,2.11314942462376,85.7140863884792,100.0,82.9,5.15999984741211,100.0
Oceania,Australia,2020,3.34024963533636,17.4213145571644,-0.00383655856659,85.965111246242,100.0,83.2,6.46000003814697,100.0
Oceania,Fiji,2000,44.3903119868637,55.0886699507389,-1.69999841605511,47.4542419996334,75.7249221801758,65.687,3.99200010299683,28.2
Oceania,Fiji,2001,44.5496989600438,55.4541324575807,2.00000014675206,46.8883504706554,77.0006790161133,65.863,3.90700006484985,28.15
Oceania,Fiji,2002,44.6227148330597,55.8195949644225,3.19999911373267,46.3249626666401,79.629997253418,66.022,3.87299990653992,28.2
Oceania,Fiji,2003,44.6676518883415,56.1850574712644,0.999999344757299,45.7640736685336,80.0,66.152,3.90599989891052,28.3
Oceania,Fiji,2004,44.7654077723043,56.5505199781062,5.29999970460935,45.2052892034574,80.7918395996094,66.247,3.81100010871887,28.5
Oceania,Fiji,2005,44.9702244116037,56.915982484948,0.700000402432437,44.6486716425574,82.0513534545898,66.313,3.89000010490417,28.7
Oceania,Fiji,2006,45.3130268199234,57.2814449917898,1.85248387199486,46.6402224845148,83.3127365112305,66.362,3.95900011062622,29.2
Oceania,Fiji,2007,45.7681992337165,57.6469074986316,-0.850654310045826,48.6614445615953,88.9000015258789,66.413,4.10799980163574,29.6
Oceania,Fiji,2008,46.2701696770662,58.0123700054735,1.03279422025967,50.7077646507042,86.1600036621094,66.477,4.16200017929077,30.2
Oceania,Fiji,2009,46.7233716475096,58.3778325123153,-1.38603770763581,52.7730911580197,87.1348648071289,66.559,4.30999994277954,31.0
Oceania,Fiji,2010,47.0616310892173,58.7432950191571,2.95467242212241,54.8506435597668,89.2485809326172,66.655,4.30999994277954,31.9
Oceania,Fiji,2011,47.2605911330049,59.1087027914614,2.70514302901049,56.9396905202925,90.146125793457,66.759,4.40999984741211,33.2
Oceania,Fiji,2012,47.3489326765189,59.4741105637657,1.41131438177968,56.0681898577763,91.0708312988281,66.859,4.42000007629395,34.5
Oceania,Fiji,2013,47.3783251231527,59.8395183360701,4.73421948956532,55.2215670681002,91.75,66.95,4.3270001411438,36.6
Oceania,Fiji,2014,47.4245758073344,60.2049261083744,5.6035148874531,54.3991505180051,93.7866058349609,67.03,4.28999996185303,38.1
Oceania,Fiji,2015,47.544170771757,60.5703338806787,4.50119939222793,52.2069322542345,95.1682434082031,67.103,4.29500007629395,40.3
Oceania,Fiji,2016,47.7507389162562,60.935960591133,2.44565200769968,50.0719353174868,96.5617446899414,67.175,4.32000017166138,42.4
Oceania,Fiji,2017,48.0273672687466,61.3015873015873,5.35336493706966,50.237438997624,96.0,67.252,4.27799987792969,44.6
Oceania,Fiji,2018,48.3574165298303,61.6672140120416,3.81235097047221,50.341010283947,99.3725051879883,67.341,4.33300018310547,46.7
Oceania,Fiji,2019,48.7112753147236,62.0328407224959,-0.445563043622684,50.3535157207613,99.7158813476563,67.444,4.44799995422363,49.4
Oceania,Fiji,2020,49.0664477285167,62.3984674329502,-15.7118039805906,50.3542081658816,100.0,67.561,4.71500015258789,51.4
Oceania,New Zealand,2000,14.6507918423151,37.4100489916828,2.9050229876697,78.056176390905,100.0,78.6365853658537,6.13000011444092,100.0
Oceania,New Zealand,2001,14.7373817933235,37.4091679009532,3.4648466619968,78.9456604219037,100.0,78.6926829268293,5.42999982833862,100.0
Oceania,New Zealand,2002,14.9956325244009,37.4082868102237,4.67440183262522,79.1368133271306,100.0,78.8463414634146,5.28000020980835,100.0
Oceania,New Zealand,2003,15.2945197675743,37.4074057194941,4.54980201026251,80.3952954823596,100.0,79.1463414634146,4.75,100.0
Oceania,New Zealand,2004,15.5235274011621,37.4065246287646,4.02813943519369,80.2518167151104,100.0,79.5487804878049,4.01000022888184,100.0
Oceania,New Zealand,2005,15.6997455470738,37.405643538035,3.32114411260689,81.0215641081861,100.0,79.8512195121951,3.80999994277954,100.0
Oceania,New Zealand,2006,15.8922942539212,37.4047624473055,2.88093784352137,81.1463173213592,100.0,80.0487804878049,3.85999989509583,100.0
Oceania,New Zealand,2007,16.0411682047776,37.4038813565759,3.02751055535168,81.6491674617636,100.0,80.1512195121951,3.66000008583069,100.0
Oceania,New Zealand,2008,16.1778891800539,37.4030002658463,-1.11504132366444,82.543092620786,100.0,80.3512195121951,4.17000007629395,100.0
Oceania,New Zealand,2009,16.340435228438,37.4021191751168,-0.135169931041062,83.1540040776986,100.0,80.7024390243902,6.11999988555908,100.0
Oceania,New Zealand,2010,16.5231096426266,37.4012380843872,1.52799413545586,83.1285453094983,100.0,80.7024390243902,6.55999994277954,100.0
Oceania,New Zealand,2011,16.6495765447571,37.4000911473169,2.25673692141848,83.6049175485739,100.0,80.9048780487805,6.48999977111816,100.0
Oceania,New Zealand,2012,16.7411036420949,37.3989442102465,2.24064086979132,84.4746334117281,100.0,81.1560975609756,6.92999982833862,100.0
Oceania,New Zealand,2013,16.8702290076336,37.3977972731761,2.69578385886643,85.0492463425139,100.0,81.4073170731707,5.84000015258789,100.0
Oceania,New Zealand,2014,17.1527856898713,37.3966503361057,3.81383101625926,85.2819313426338,100.0,81.4048780487805,5.42999982833862,100.0
Oceania,New Zealand,2015,17.5056017621815,37.3955033990354,3.70737581770793,85.1827495560784,100.0,81.4568292682927,5.40999984741211,100.0
Oceania,New Zealand,2016,17.9032319319433,37.396035091717,3.73007989347536,85.5685403748843,100.0,81.6124390243903,5.15000009536743,100.0
Oceania,New Zealand,2017,18.2811135163875,37.411606091679,3.61328155307372,85.6465471491551,100.0,81.6585365853659,4.73999977111816,100.0
Oceania,New Zealand,2018,18.6115225399719,37.4279366526148,3.20574787992723,86.2385793583841,100.0,81.8585365853659,4.32999992370605,100.0
Oceania,New Zealand,2019,18.9104097831453,37.4673198891041,1.63393261347822,87.2582577244187,100.0,81.7073170731707,4.1100001335144,100.0
Oceania,New Zealand,2020,19.3091792943679,37.5701264669021,1.86285153314982,86.3885524735533,100.0,82.0560975609756,4.59000015258789,100.0
South America,Argentina,2000,13.4727703905082,12.1964855354461,-0.78899893905691,67.0948454966504,95.7832870483398,73.576,15.0,95.0
South America,Argentina,2001,13.6207038429636,12.0808714176615,-4.40883968258557,66.2416343244812,95.5110626220703,73.755,17.3199996948242,95.6
South America,Argentina,2002,13.7690944169782,11.9652572998769,-10.8944848285903,64.1116314037182,96.2288665771484,73.932,19.5900001525879,96.1
South America,Argentina,2003,13.9174937607109,11.8496431820922,8.83704079576924,65.5126128621123,96.4426345825195,74.107,15.3599996566772,96.45
South America,Argentina,2004,14.0651553519032,11.7340290643076,9.02957330068152,66.963176818201,96.6535034179688,74.28,13.5200004577637,97.2
South America,Argentina,2005,14.2116659175866,11.618414946523,8.85165992013437,65.7987862849569,96.8638458251953,74.451,11.5100002288818,97.5
South America,Argentina,2006,14.3567141327662,11.5028008287384,8.04715150043027,66.7379752675577,97.076057434082,74.62,10.0799999237061,98.1
South America,Argentina,2007,14.5008397005141,11.3871867109537,9.00765087504757,66.0867726785364,97.2927932739258,74.787,8.47000026702881,98.3
South America,Argentina,2008,14.6454874318977,11.2715725931691,4.05723310346406,65.432872365932,97.5167541503906,74.952,7.84000015258789,98.6
South America,Argentina,2009,14.792609320018,11.1559584753845,-5.91852507634947,66.4729816285514,97.7506561279297,75.116,8.64999961853027,98.9
South America,Argentina,2010,14.904301546759,11.0403443575999,10.1253981561002,65.0466723955456,98.8199996948242,75.278,7.71000003814697,99.1
South America,Argentina,2011,15.0771515955406,10.9587128976976,6.00395169280579,64.8129690874221,99.0953521728516,75.439,7.17999982833862,99.3
South America,Argentina,2012,15.2495426957383,10.8770814377953,-1.0264204544321,65.5905788008494,99.22998046875,75.598,7.21999979019165,99.5
South America,Argentina,2013,15.421160233713,10.795449977893,2.40532378079436,65.3941325174726,99.3426742553711,75.756,7.09999990463257,99.6
South America,Argentina,2014,15.5916453818299,10.7138185179907,-2.51261532081394,65.8522755878892,100.0,75.913,7.26999998092651,99.7
South America,Argentina,2015,15.7606327351655,10.6321870580884,2.73115982828944,66.4524947935968,99.6253890991211,76.068,7.52099990844727,99.7
South America,Argentina,2016,15.9281350828921,10.6003968297469,-2.08032784377811,67.0664064718027,99.8495788574219,76.221,8.11100006103516,99.8
South America,Argentina,2017,16.0941907925267,10.5598368832422,2.81850297775918,67.6967475057438,100.0,76.372,8.35000038146973,99.8
South America,Argentina,2018,16.2585100979651,10.5203731515078,-2.61739646282038,69.737121048085,99.9895782470703,76.52,9.22000026702881,99.8
South America,Argentina,2019,16.4208266190179,10.4801786099266,-2.0259342366392,70.4379197289097,100.0,76.667,9.84000015258789,99.9
South America,Argentina,2020,16.580892611147,10.4407148781923,-9.89526896368687,70.5190413038846,100.0,76.813,11.460000038147,99.9
South America,Brazil,2000,20.9125880877803,65.9343586013156,4.38794944364869,63.8661215706352,94.391716003418,70.116,9.56099987030029,89.0
South America,Brazil,2001,21.2004167195094,65.4616708980706,1.3898964044581,65.8796414754012,96.0165252685547,70.462,9.60999965667725,89.7
South America,Brazil,2002,21.4805594306867,64.9889831948257,3.05346185683619,67.5891635686887,96.6529922485352,70.813,9.36999988555908,90.1
South America,Brazil,2003,21.752356864087,64.5162954915806,1.14082899877101,68.227888646949,96.980094909668,71.17,9.98999977111816,90.6
South America,Brazil,2004,22.0152425061078,64.0436077883357,5.75996463685998,69.3172510898146,96.7651062011719,71.531,9.10999965667725,91.1
South America,Brazil,2005,22.2689627117995,63.5709200850907,3.20213206216255,70.5959935298014,97.0935134887695,71.896,9.56999969482422,91.6
South America,Brazil,2006,22.5130654667187,63.0982323818457,3.96198870899485,70.7373231634545,97.5943145751953,72.26,8.64000034332275,92.1
South America,Brazil,2007,22.7479373401259,62.6255446786007,6.06987060733128,70.8519720045985,98.1253814697266,72.618,8.32999992370605,92.6
South America,Brazil,2008,22.9752507136755,62.1528569753558,5.09419544811998,70.4835699801209,98.5266265869141,72.966,7.34000015258789,93.1
South America,Brazil,2009,23.1973267975889,61.6801692721108,-0.12581200299141,71.150726412273,98.8569412231445,73.3,8.52000045776367,93.6
South America,Brazil,2010,23.4159318939381,61.2074815688658,7.52822581812151,70.1528174339829,98.5999984741211,73.619,7.27400016784668,94.0
South America,Brazil,2011,23.6313989715415,61.023328156743,3.97442307944702,69.1445793012202,99.3286895751953,73.921,6.92000007629395,94.3
South America,Brazil,2012,23.843497715999,60.8391747446202,1.92117598509462,69.4085724006973,99.5194931030273,74.209,7.19000005722046,94.7
South America,Brazil,2013,24.0527083777013,60.6550213324974,3.0048226702888,69.3395382884695,99.5751495361328,74.483,6.98000001907349,95.0
South America,Brazil,2014,24.2594337974717,60.4708679203746,0.503955740273241,69.6349239092239,99.6502456665039,74.745,6.65999984741211,95.2
South America,Brazil,2015,24.4637872780308,60.2867145082518,-3.54576339347278,70.5955403822369,99.7108993530273,74.994,8.43000030517578,95.4
South America,Brazil,2016,24.6661405528024,60.0710325503043,-3.2759169063211,70.854286248901,99.6999969482422,75.23,11.6000003814697,95.7
South America,Brazil,2017,24.8660377787402,59.8328814784151,1.32286905390815,72.4569060739238,99.8000030517578,75.456,12.8199996948242,95.7
South America,Brazil,2018,25.0617146877176,59.7084279516735,1.78366676137003,73.004276734606,99.6999969482422,75.672,12.3299999237061,95.8
South America,Brazil,2019,25.2507757706858,59.5585261792696,1.41115298506995,73.9107629468767,99.8000030517578,75.881,11.9300003051758,95.8
South America,Brazil,2020,25.4314248146119,59.4174780513368,-4.05904827267271,70.7926537556154,100.0,76.084,13.6899995803833,95.9
